anon_user,constraints_found,out_of
944,3,5
699,1,5
726,3,5
399,1,5
11,4,5
633,4,5
98,3,5
145,1,5
811,4,5
910,4,5
719,1,5
531,3,5
555,4,5
286,3,5
134,1,5
543,4,5
578,4,5
491,4,5
87,4,5
953,4,5
874,4,5
595,1,5
927,4,5
834,4,5
253,4,5
61,4,5
4,4,5
17,3,5
966,4,5
896,1,5
277,3,5
819,4,5
946,4,5
269,3,5
337,4,5
267,1,5
442,4,5
1001,3,5
818,4,5
883,4,5
778,4,5
424,4,5
123,5,5
764,1,5
334,4,5
471,4,5
1007,4,5
362,1,5
893,4,5
302,4,5
395,4,5
589,4,5
232,4,5
586,4,5
574,4,5
153,4,5
628,4,5
687,4,5
907,4,5
177,4,5
396,4,5
508,4,5
714,3,5
345,4,5
211,4,5
24,3,5
75,3,5
22,3,5
526,4,5
292,3,5
60,3,5
842,4,5
715,4,5
512,4,5
203,4,5
936,4,5
432,4,5
758,4,5
115,3,5
82,3,5
426,3,5
320,4,5
309,4,5
455,2,5
955,1,5
263,4,5
529,2,5
460,1,5
592,3,5
70,4,5
429,4,5
599,4,5
296,4,5
175,4,5
717,4,5
514,3,5
527,3,5
173,3,5
612,4,5
721,4,5
774,1,5
568,4,5
525,4,5
468,4,5
571,4,5
378,1,5
1019,4,5
14,3,5
171,4,5
573,4,5
233,4,5
1029,3,5
938,4,5
290,4,5
569,4,5
583,1,5
240,3,5
565,5,5
582,3,5
280,1,5
472,4,5
881,4,5
973,3,5
69,3,5
710,4,5
827,4,5
1018,5,5
374,1,5
387,3,5
276,3,5
669,4,5
587,4,5
697,4,5
305,4,5
530,2,5
854,4,5
57,1,5
808,4,5
76,3,5
291,4,5
495,4,5
1000,4,5
420,4,5
848,4,5
658,4,5
685,4,5
664,2,5
390,3,5
412,5,5
479,4,5
705,1,5
960,5,5
804,4,5
950,1,5
546,4,5
454,4,5
601,4,5
288,4,5
342,4,5
223,4,5
793,3,5
614,4,5
962,4,5
1014,4,5
639,4,5
949,1,5
661,4,5
619,4,5
792,4,5
861,4,5
570,1,5
744,3,5
51,4,5
142,4,5
38,4,5
254,1,5
195,3,5
1015,4,5
889,4,5
222,4,5
976,1,5
933,4,5
31,4,5
637,4,5
113,1,5
984,4,5
182,4,5
360,4,5
868,4,5
371,4,5
152,2,5
1004,3,5
58,4,5
980,4,5
350,5,5
49,4,5
109,5,5
190,4,5
876,4,5
261,4,5
630,1,5
297,4,5
535,4,5
438,4,5
1012,4,5
905,4,5
646,4,5
912,4,5
225,4,5
313,4,5
929,4,5
101,4,5
451,5,5
369,3,5
239,3,5
830,4,5
392,4,5
9,3,5
111,4,5
440,4,5
644,1,5
942,4,5
492,2,5
673,4,5
406,1,5
750,4,5
880,4,5
209,1,5
433,3,5
28,1,5
271,4,5
311,2,5
867,4,5
469,3,5
96,4,5
19,3,5
25,4,5
770,4,5
502,4,5
702,2,5
268,4,5
246,1,5
59,1,5
180,4,5
174,4,5
777,4,5
886,3,5
179,4,5
319,4,5
349,5,5
398,4,5
141,3,5
1026,4,5
734,4,5
53,4,5
165,4,5
914,3,5
327,4,5
855,4,5
312,4,5
844,4,5
15,4,5
833,4,5
1002,4,5
746,3,5
959,4,5
999,4,5
73,3,5
453,4,5
957,4,5
376,4,5
751,4,5
500,4,5
448,4,5
18,1,5
162,4,5
447,1,5
212,4,5
563,1,5
135,1,5
363,5,5
718,5,5
264,4,5
439,4,5
245,3,5
970,2,5
119,4,5
185,4,5
243,2,5
557,4,5
260,4,5
48,4,5
954,4,5
155,4,5
44,4,5
417,4,5
385,4,5
913,4,5
947,4,5
866,2,5
325,4,5
151,3,5
227,4,5
482,4,5
858,4,5
553,3,5
629,3,5
813,4,5
711,4,5
608,4,5
972,4,5
114,4,5
221,4,5
660,4,5
945,3,5
164,5,5
160,3,5
120,3,5
810,4,5
213,4,5
405,4,5
394,5,5
903,3,5
831,3,5
407,4,5
704,4,5
538,3,5
207,4,5
1027,4,5
663,1,5
368,4,5
513,1,5
814,4,5
167,5,5
860,4,5
490,4,5
461,4,5
775,3,5
217,4,5
771,4,5
37,4,5
882,4,5
304,4,5
105,4,5
352,4,5
754,4,5
194,4,5
191,4,5
559,3,5
1030,4,5
635,4,5
1,4,5
144,4,5
738,4,5
83,4,5
676,1,5
64,3,5
408,1,5
478,3,5
772,4,5
634,4,5
519,4,5
401,1,5
916,4,5
590,1,5
328,5,5
675,4,5
759,4,5
837,4,5
507,4,5
467,1,5
869,4,5
483,4,5
147,4,5
650,4,5
816,4,5
5,4,5
605,4,5
887,4,5
1028,3,5
298,4,5
78,3,5
703,1,5
338,3,5
884,4,5
597,4,5
112,4,5
506,5,5
132,3,5
845,5,5
894,2,5
90,4,5
86,4,5
501,4,5
843,3,5
522,4,5
564,3,5
534,4,5
838,5,5
613,3,5
924,3,5
466,4,5
598,1,5
841,4,5
828,4,5
806,4,5
201,4,5
34,4,5
796,4,5
653,4,5
642,4,5
839,3,5
997,4,5
708,4,5
823,4,5
902,4,5
85,4,5
859,4,5
163,2,5
430,4,5
2,4,5
1023,3,5
136,4,5
649,3,5
892,4,5
739,4,5
32,3,5
939,1,5
516,3,5
727,4,5
700,1,5
915,4,5
230,4,5
988,3,5
567,1,5
991,4,5
415,4,5
684,4,5
456,4,5
540,4,5
272,3,5
414,5,5
409,4,5
41,4,5
181,4,5
210,4,5
879,4,5
8,5,5
626,4,5
906,4,5
137,4,5
761,4,5
234,4,5
218,4,5
446,1,5
891,5,5
358,3,5
693,4,5
510,2,5
1017,1,5
722,3,5
888,4,5
901,4,5
307,4,5
836,3,5
963,4,5
169,1,5
459,1,5
977,4,5
314,4,5
166,3,5
437,2,5
974,4,5
967,4,5
110,3,5
948,4,5
3,3,5
445,4,5
30,1,5
402,4,5
1020,4,5
850,4,5
780,4,5
990,4,5
231,4,5
607,4,5
800,4,5
654,4,5
219,4,5
951,4,5
835,4,5
27,4,5
128,4,5
310,3,5
713,4,5
422,4,5
103,4,5
992,1,5
795,4,5
413,4,5
108,3,5
372,2,5
503,4,5
994,4,5
403,1,5
20,4,5
596,4,5
641,3,5
196,4,5
450,4,5
1025,4,5
895,3,5
1016,4,5
604,4,5
840,3,5
632,4,5
488,4,5
72,4,5
379,2,5
170,4,5
36,4,5
279,3,5
753,4,5
709,4,5
615,4,5
281,1,5
255,2,5
993,3,5
258,4,5
666,4,5
1021,1,5
871,4,5
452,4,5
515,4,5
767,1,5
416,1,5
532,4,5
602,4,5
995,4,5
248,2,5
250,4,5
84,4,5
168,1,5
380,4,5
189,3,5
680,4,5
556,4,5
606,4,5
923,1,5
620,4,5
964,1,5
518,3,5
330,4,5
618,4,5
13,5,5
124,4,5
766,4,5
97,1,5
648,1,5
244,1,5
381,4,5
127,3,5
431,4,5
873,3,5
224,4,5
321,4,5
981,4,5
691,2,5
900,4,5
299,2,5
104,3,5
329,2,5
678,5,5
365,1,5
481,4,5
326,4,5
388,3,5
21,2,5
156,4,5
989,3,5
655,4,5
682,4,5
698,4,5
150,3,5
576,4,5
672,3,5
917,3,5
449,4,5
10,4,5
890,4,5
192,4,5
523,2,5
659,3,5
788,4,5
815,3,5
102,4,5
157,4,5
985,3,5
318,3,5
520,3,5
851,3,5
199,4,5
176,4,5
138,4,5
786,3,5
154,3,5
130,4,5
275,4,5
826,1,5
765,4,5
610,4,5
707,2,5
545,3,5
247,4,5
289,3,5
220,4,5
853,4,5
331,4,5
864,1,5
585,4,5
353,4,5
931,3,5
748,4,5
998,4,5
74,3,5
386,5,5
148,3,5
566,3,5
236,4,5
324,4,5
593,4,5
969,4,5
875,1,5
577,4,5
681,4,5
521,4,5
428,3,5
71,3,5
355,4,5
81,3,5
1010,4,5
126,3,5
118,4,5
668,4,5
760,3,5
300,4,5
94,4,5
511,3,5
494,4,5
505,4,5
919,3,5
106,3,5
762,4,5
533,5,5
340,4,5
435,4,5
729,4,5
54,1,5
323,4,5
961,4,5
737,3,5
63,4,5
776,4,5
731,4,5
594,3,5
918,4,5
216,4,5
706,4,5
832,3,5
35,3,5
270,4,5
139,4,5
1011,4,5
657,4,5
411,4,5
56,4,5
486,3,5
782,4,5
817,3,5
616,3,5
12,4,5
560,4,5
476,5,5
1003,4,5
80,2,5
#N/A,4,5
509,4,5
940,4,5
609,4,5
908,4,5
549,5,5
444,4,5
550,2,5
773,4,5
584,3,5
611,4,5
798,4,5
42,4,5
237,2,5
273,3,5
872,4,5
975,4,5
172,4,5
547,4,5
724,4,5
188,4,5
621,4,5
308,1,5
146,3,5
807,4,5
930,4,5
493,4,5
193,3,5
419,4,5
339,4,5
645,5,5
187,4,5
667,3,5
847,5,5
348,4,5
686,4,5
23,3,5
735,4,5
935,3,5
742,5,5
322,3,5
943,4,5
971,3,5
186,4,5
790,1,5
791,3,5
809,3,5
899,4,5
484,4,5
333,4,5
47,3,5
67,4,5
694,3,5
347,4,5
410,4,5
801,4,5
799,4,5
161,4,5
877,4,5
336,4,5
551,4,5
647,2,5
278,3,5
285,4,5
581,3,5
504,4,5
690,4,5
741,4,5
26,4,5
797,4,5
865,3,5
878,2,5
55,4,5
397,1,5
517,4,5
375,4,5
158,4,5
558,1,5
343,4,5
206,4,5
926,4,5
295,4,5
43,4,5
728,5,5
783,1,5
332,4,5
6,4,5
679,4,5
341,4,5
821,4,5
968,3,5
920,1,5
259,4,5
787,4,5
824,4,5
249,4,5
125,3,5
932,4,5
92,1,5
909,5,5
952,3,5
846,3,5
100,4,5
548,4,5
857,1,5
904,4,5
346,4,5
677,4,5
656,1,5
315,4,5
803,4,5
284,4,5
572,4,5
377,4,5
143,1,5
665,5,5
631,1,5
536,4,5
921,4,5
425,4,5
757,1,5
50,4,5
489,1,5
443,4,5
789,4,5
820,3,5
202,4,5
294,4,5
852,4,5
636,4,5
1024,3,5
1008,4,5
862,4,5
769,3,5
539,3,5
293,4,5
52,3,5
45,1,5
131,4,5
922,4,5
251,4,5
66,3,5
640,3,5
382,4,5
541,3,5
651,4,5
752,4,5
733,4,5
965,1,5
116,3,5
794,4,5
282,4,5
361,4,5
643,4,5
736,4,5
784,4,5
730,4,5
725,4,5
317,3,5
695,1,5
941,4,5
897,2,5
287,4,5
712,4,5
805,4,5
266,4,5
436,4,5
257,2,5
235,4,5
252,4,5
204,4,5
356,2,5
391,4,5
779,5,5
301,4,5
542,3,5
88,3,5
335,3,5
579,4,5
934,2,5
480,4,5
462,4,5
937,2,5
978,4,5
16,4,5
638,4,5
303,2,5
812,2,5
622,3,5
475,4,5
473,3,5
262,5,5
856,2,5
688,4,5
701,4,5
911,4,5
524,2,5
242,4,5
357,4,5
149,1,5
743,4,5
925,4,5
745,4,5
65,3,5
561,1,5
226,4,5
885,1,5
434,4,5
99,4,5
33,4,5
624,4,5
418,1,5
404,4,5
283,4,5
623,4,5
723,4,5
427,4,5
39,3,5
373,4,5
898,1,5
979,4,5
117,1,5
763,1,5
781,3,5
652,5,5
720,4,5
183,2,5
107,4,5
496,4,5
214,3,5
692,4,5
1022,4,5
671,3,5
983,4,5
863,4,5
344,1,5
77,1,5
674,4,5
625,4,5
732,4,5
849,4,5
133,4,5
474,4,5
603,4,5
354,3,5
389,4,5
228,5,5
785,4,5
29,4,5
205,4,5
366,3,5
825,1,5
670,4,5
93,1,5
689,4,5
870,4,5
956,4,5
958,4,5
68,1,5
996,4,5
683,4,5
464,3,5
982,4,5
384,4,5
79,1,5
458,4,5
487,4,5
400,3,5
463,2,5
359,3,5
544,4,5
756,4,5
477,1,5
197,4,5
367,4,5
383,4,5
802,4,5
316,4,5
755,4,5
89,5,5
