_id,clientEquivalenceMap.5,clientEquivalenceMap.1,clientExecuteTestEquivalenceMap.2,clientExecuteTestEquivalenceMap.5,clientEquivalenceMap.2,clientEquivalenceMap.4,clientEquivalenceMap.3,clientExecuteTestEquivalenceMap.3,clientExecuteTestEquivalenceMap.4,clientExecuteTestEquivalenceMap.1
68d9d1efc078163b8fb2176b,,,,,,,,,,
68d9d22fc078163b8fb2176c,1,,,,,,,,,
68d9da4ac078163b8fb21771,1,1,1,1,,,,,,
68d9e47dc078163b8fb21776,1,,,,1,,,,,
68d9e8b9c078163b8fb2177b,,1,,,,,,,,
68d9eb4cc078163b8fb2177d,,,,,1,,,,,
68d9ef2ac078163b8fb21783,,2,,,1,,,,,
68d9f023c078163b8fb21785,,1,,,,1,,,,
68d9f351c078163b8fb21788,1,1,1,1,1,,,,,
68d9fbbfc078163b8fb2178f,1,,2,2,,,2,1,,
68d9fda4c078163b8fb21790,1,1,,,,,,,,
68da0276c078163b8fb21794,1,1,5,5,1,1,,,,
68da0622c078163b8fb21798,1,,,,,,1,,,
68da06f5c078163b8fb2179a,,1,,,1,,1,,,
68da07b5c078163b8fb2179c,,1,,,2,,,,,
68da0969c078163b8fb217a0,,2,4,4,,,,1,,
68da0af4c078163b8fb217a1,,,2,2,,,1,,,
68da22669e845869136257ee,,1,,,,,1,,1,
68da291d9e845869136257f2,1,1,,,,,1,,,
68da31879e845869136257f5,1,,,,,,1,,,
68da3e0d9e845869136257fa,,,1,1,1,,,,,
68da4bdd9e845869136257fc,1,1,2,2,,,1,,,
68da52df9e845869136257fe,1,,,,,,,,,
68da5af49e84586913625801,,,,,,,,,,
68da5efe9e84586913625803,,,7,5,,,,,,1
68da5f329e84586913625804,,1,,,,,,,,
68da63e59e84586913625808,,,,,,,,,,
68da69809e8458691362580b,1,,1,1,,,,,,
68dad8cdefaeec64e5eb710e,1,,,,,,1,,,
68daee6aefaeec64e5eb7110,1,1,,,,,1,,,
68daf47defaeec64e5eb7112,2,,1,,2,,,,,
68daf64eefaeec64e5eb7116,,,1,1,,,,,,
68daf762efaeec64e5eb7117,1,,,,1,,,,,
68dafa50efaeec64e5eb711d,1,1,1,2,1,1,,,,
68dafb9aefaeec64e5eb7120,1,,1,1,,,,,,
68dafc05efaeec64e5eb7122,1,1,,,,,,,,
68dafc61efaeec64e5eb7124,1,1,,1,,,2,,,
68db002aefaeec64e5eb712a,1,1,,,,,,,,
68db0178efaeec64e5eb712d,,,,,,1,,,,
68db042cefaeec64e5eb7132,,1,,,,,1,,,
68db055aefaeec64e5eb7134,,1,,,,,1,,,
68db0833efaeec64e5eb713a,2,,,,,,,,,
68db09d4efaeec64e5eb713f,1,1,2,2,,,2,1,,
68db0ef2efaeec64e5eb7141,,1,,,,,,,,
68db1a9fefaeec64e5eb7145,1,1,4,3,,1,1,,,
68db1acdefaeec64e5eb7146,2,,1,2,1,,,,,
68db1e22efaeec64e5eb7148,2,1,1,1,,,,,,
68db1ee6efaeec64e5eb714b,,1,,,,,1,,,
68db20e2efaeec64e5eb714f,,,1,1,,1,,,,1
68db21bbefaeec64e5eb7152,,,,1,,,,,,
68db2256efaeec64e5eb7153,1,,,,1,,,,,
68db24f1efaeec64e5eb715c,1,1,,1,,,1,,,
68db255fefaeec64e5eb715d,,2,1,1,1,1,,,1,
68db26bbefaeec64e5eb7160,,,,,1,,,,,
68db2756efaeec64e5eb7162,,2,,,1,,2,,,
68db2815efaeec64e5eb7167,1,,,,,,,,,1
68db2838efaeec64e5eb7169,,,,,1,,,,,
68db2839efaeec64e5eb716a,,,1,1,1,,,,,
68db2851efaeec64e5eb716c,,1,,,,,,,,
68db2888efaeec64e5eb716d,,1,1,1,,,,,,
68db2904efaeec64e5eb7170,,1,,,,,1,,,
68db2a22efaeec64e5eb7176,,1,,,,,,,,
68db2ca4efaeec64e5eb717b,2,1,1,1,,,,,,
68db2e89efaeec64e5eb717f,1,,,,2,,,,,
68db2f99efaeec64e5eb7181,1,,,,,,1,,,
68db31e5efaeec64e5eb7184,1,,2,2,2,,,,,
68db3440efaeec64e5eb718a,1,,,,,,1,,,
68db360cefaeec64e5eb718f,1,,1,1,2,,,,,1
68db3652efaeec64e5eb7191,,1,,1,,,,,,
68db36aaefaeec64e5eb7192,,,,,,,,,,
68db37c3efaeec64e5eb7195,,,1,1,1,,,,,
68db383defaeec64e5eb7197,,1,,,,,,,1,
68db3af0efaeec64e5eb71a0,,,1,1,1,,,,,
68db3b1fefaeec64e5eb71a1,,,1,1,,,,,,
68db3b5befaeec64e5eb71a2,,,1,1,,,,,,
68db3d22efaeec64e5eb71a5,,1,1,1,,,1,1,,
68db3e10efaeec64e5eb71ad,,1,,,,,1,,,
68db3e4defaeec64e5eb71ae,,,2,1,1,,,,,1
68db3fc8efaeec64e5eb71b3,,,,,1,,2,,,
68db4020efaeec64e5eb71b8,1,,,,,,,,,
68db404aefaeec64e5eb71b9,1,,,,,,,,,
68db407eefaeec64e5eb71ba,1,,1,1,,,,,,
68db4080efaeec64e5eb71bb,1,,,,,,1,,,
68db41cfefaeec64e5eb71c0,1,1,,,,,,,,
68db41edefaeec64e5eb71c2,,1,1,1,,,,,,
68db41f9efaeec64e5eb71c3,,,1,1,,,,,,
68db4269efaeec64e5eb71c7,1,,,,,,,,,
68db431defaeec64e5eb71cc,,,,,1,,,,,
68db43acefaeec64e5eb71d1,,1,1,1,,,,,,
68db43feefaeec64e5eb71d3,,1,1,1,,,1,,,
68db4435efaeec64e5eb71d4,1,,,,1,1,1,,,
68db44abefaeec64e5eb71d8,1,,,,,,1,,,
68db4568efaeec64e5eb71da,1,,,2,,,,1,,1
68db4583efaeec64e5eb71dd,1,,,,,,,,,
68db467defaeec64e5eb71e1,,,,,,,2,,,
68db4880efaeec64e5eb71eb,,,1,1,2,,,,,
68db4968efaeec64e5eb71ee,,1,1,1,3,,1,,,
68db4cbeefaeec64e5eb71f7,1,,1,1,1,,,,,
68db4d27efaeec64e5eb71fa,1,,1,1,,,,,,
68db4d73efaeec64e5eb71fb,,1,,,,,,,,
68db4e27efaeec64e5eb71fe,,,,,,,,,,
68db4ffeefaeec64e5eb7204,,1,1,1,,,,,,
68db5273efaeec64e5eb720b,,,,,,,,,,
68db52acefaeec64e5eb720d,,,,,2,,,,,
68db5674efaeec64e5eb7219,1,,,1,,,,,,
68db56c7efaeec64e5eb721a,,,,,,,1,,,
68db57c8efaeec64e5eb721e,1,,,,3,,1,,,
68db5af6efaeec64e5eb7223,1,1,,,,,,,,
68db5b67efaeec64e5eb7227,,,3,5,1,,1,3,,
68db5c4cefaeec64e5eb722b,,,,,1,,,,,
68db5c8defaeec64e5eb722c,,1,2,3,,,,,,
68db5de1efaeec64e5eb7231,1,1,,2,,,1,2,,
68db6103efaeec64e5eb723c,,1,1,2,,,1,,,
68db613aefaeec64e5eb723e,,1,,1,,,,,,
68db61fbefaeec64e5eb7240,,1,2,2,,,1,,,
68db6214efaeec64e5eb7241,,,,,,,,,,
68db6524efaeec64e5eb7246,,1,1,1,1,,1,1,,
68db662defaeec64e5eb7248,,,,,1,,,,,
68db6760efaeec64e5eb724b,,,,,,,,,,
68db6af3efaeec64e5eb724d,2,1,,1,,,2,1,,
68db753fefaeec64e5eb725a,,,,,,,,,,
68db762fefaeec64e5eb725e,,1,,,,,,,,
68db7701efaeec64e5eb7260,1,,1,1,,,,,,
68db7891efaeec64e5eb7261,1,1,1,3,,,,2,,
68db7b1eefaeec64e5eb7266,,,,,2,,,,,
68db7d27efaeec64e5eb7268,,,,,1,,,,,
68db8131efaeec64e5eb726f,,2,,,,,,,,
68db81f4efaeec64e5eb7271,1,,,,3,,1,,,
68db82fdefaeec64e5eb7274,,,1,1,1,,,,,
68db8436efaeec64e5eb7277,,,1,1,,,,,,
68db8594efaeec64e5eb7279,1,2,,,,,,,,
68db8723efaeec64e5eb7280,1,1,1,1,,,,,,
68db896aefaeec64e5eb7288,1,2,2,2,1,,1,1,,1
68db8b0fefaeec64e5eb728b,,,,,,,,,,
68db8c14efaeec64e5eb728d,,,1,1,,,,,,
68db8e2defaeec64e5eb7290,,2,2,2,,,,,,
68db8ed8efaeec64e5eb7291,,2,,,,,,,,
68db92d9efaeec64e5eb7295,,,,,,,,,,1
68db95aaefaeec64e5eb7299,,1,2,4,2,1,,2,2,1
68db9bceefaeec64e5eb72a0,2,2,3,3,1,,1,1,,1
68db9bf5efaeec64e5eb72a1,1,,,,,1,,,,
68dba2c6efaeec64e5eb72a5,,,,,,,,,,
68dba43fefaeec64e5eb72a8,,3,2,2,,,,1,,
68dba60fefaeec64e5eb72ae,,1,,,1,,,,,
68dba7e0efaeec64e5eb72b0,1,,,,1,,,,,
68dba9d7efaeec64e5eb72b3,1,,,,1,,1,,,
68dbc230efaeec64e5eb72c0,1,1,1,1,,,1,,,
68dbc842efaeec64e5eb72c4,1,,1,1,2,,,,,
68dbcfcaefaeec64e5eb72c6,1,1,,,,,1,,,
68dbeddbefaeec64e5eb72cd,1,,,,1,,,,,
68dc29f9efaeec64e5eb72d0,,,,1,,,1,,,
68dc3916efaeec64e5eb72d5,,,,,,,,,,
68dc3c4befaeec64e5eb72d9,,,,,1,,1,,,
68dc3e2defaeec64e5eb72dd,,,,1,,,1,,,
68dc3f24efaeec64e5eb72e0,,,1,1,,,,,,
68dc3f41efaeec64e5eb72e1,,,1,1,,,,,,
68dc4658efaeec64e5eb72e7,1,1,,,3,,1,,,
68dc46f9efaeec64e5eb72e9,1,1,1,1,2,,1,,,
68dc4713efaeec64e5eb72ea,,1,1,1,,,,,,
68dc4dbdefaeec64e5eb72f7,,,,,2,,1,,,
68dc4e78efaeec64e5eb72f8,,2,,,2,,1,,,
68dc4f03efaeec64e5eb72fa,,,,,,,,,,
68dc4f84efaeec64e5eb72fc,,,,,,,1,,,
68dc4fe9efaeec64e5eb72fd,1,1,,1,,,3,,,
68dc5001efaeec64e5eb72fe,1,1,2,2,,,,,,
68dc51d2efaeec64e5eb7302,1,,,,2,,,,,
68dc531aefaeec64e5eb7307,,,,,,,,,,
68dc536cefaeec64e5eb730a,2,2,,,1,,1,,,
68dc53f6efaeec64e5eb730c,1,,1,1,2,,1,,,
68dc5451efaeec64e5eb730d,,,,,2,,,,,
68dc55e7efaeec64e5eb7316,1,,1,1,,,,,,
68dc5617efaeec64e5eb7317,1,1,2,2,,,,,,
68dc564cefaeec64e5eb7318,1,,1,1,,,,,,
68dc5694efaeec64e5eb731b,,,,1,1,,,,,
68dc5733efaeec64e5eb731e,1,1,,,,,1,,,
68dc576aefaeec64e5eb731f,,,,,,1,1,,,
68dc57b3efaeec64e5eb7320,1,,2,2,,,,,,
68dc5825efaeec64e5eb7322,,,,,1,,,,,
68dc594eefaeec64e5eb732b,,1,1,1,,,,,,
68dc59fbefaeec64e5eb732d,1,,1,1,1,,1,,,
68dc5a19efaeec64e5eb732e,1,,2,2,1,,,,,
68dc5a86efaeec64e5eb732f,3,2,1,1,,1,,,,
68dc5abcefaeec64e5eb7330,,,,,,,,,,
68dc5d4eefaeec64e5eb7337,,1,1,1,3,,,,,
68dc5ee5efaeec64e5eb733c,,1,1,1,1,,,,,
68dc606cefaeec64e5eb7345,,1,1,1,1,,,,,
68dc60a0efaeec64e5eb7347,1,1,,,,,,,1,
68dc6104efaeec64e5eb7349,1,1,1,1,,2,1,,,
68dc6162efaeec64e5eb734a,1,,,,,,,,,
68dc6252efaeec64e5eb734d,,1,,,,,,,,
68dc6437efaeec64e5eb7351,1,2,4,4,1,,1,2,,
68dc6466efaeec64e5eb7353,1,1,1,,1,,,,,
68dc6556efaeec64e5eb7359,,1,1,2,,,1,2,,
68dc66a8efaeec64e5eb735c,3,,1,1,1,,2,,,
68dc6720efaeec64e5eb735e,,,,,,,,,,
68dc6743efaeec64e5eb735f,1,1,1,1,1,1,2,,,
68dc68d3efaeec64e5eb7367,,,,,,,,,,
68dc68d8efaeec64e5eb7368,,1,1,1,1,,,1,,
68dc6a4defaeec64e5eb736b,,,,,3,,,,,1
68dc6a57efaeec64e5eb736c,,1,1,1,,,,,,
68dc7ad2efaeec64e5eb7378,,1,1,1,,1,,,,
68dc7bd4efaeec64e5eb737b,,,,1,,,,,,
68dc7ca7efaeec64e5eb737e,,,2,2,,,2,1,,
68dc7db2efaeec64e5eb737f,1,,,,,,,,,
68dc7ecdefaeec64e5eb7383,1,,1,1,,,,,,
68dc8044efaeec64e5eb7385,1,1,2,2,,,,,,
68dc8549efaeec64e5eb738e,,1,,2,,,,1,,
68dc864befaeec64e5eb7392,,1,,,,,,,,
68dc88faefaeec64e5eb7399,2,,,,,,,,,
68dc8c1befaeec64e5eb739c,,,,,,,,,,
68dc8d53efaeec64e5eb73a2,,,,,,,4,,,
68dc8e63efaeec64e5eb73a4,,1,,,,,,,,
68dc8ebfefaeec64e5eb73a6,,1,,,,,1,,,
68dc8ec0efaeec64e5eb73a7,1,,1,1,,,,,,
68dc8f4cefaeec64e5eb73aa,,1,,,,,1,,,
68dc9238efaeec64e5eb73b0,,,1,2,2,,1,1,,1
68dc928eefaeec64e5eb73b3,1,,1,1,,,,,,
68dc956befaeec64e5eb73bb,,1,,1,,,,,,
68dc95dbefaeec64e5eb73bd,,,,1,,,,,,
68dc99edefaeec64e5eb73c1,1,,1,1,1,,,,,
68dc9a71efaeec64e5eb73c2,,,,,,,,,,
68dc9ccdefaeec64e5eb73c7,,,,,2,,2,,,
68dc9d76efaeec64e5eb73cb,1,,,,,,1,,,
68dc9ebeefaeec64e5eb73d0,,1,,,1,,,,,
68dc9f2befaeec64e5eb73d1,,,2,3,,,,,,
68dc9f78efaeec64e5eb73d4,,,2,2,,,,,,
68dca1a9efaeec64e5eb73dc,3,,,,,2,,,,1
68dca2cfefaeec64e5eb73df,,,2,2,2,,,,,
68dcada0efaeec64e5eb73e8,,,2,2,,,1,,,
68dcaf0aefaeec64e5eb73eb,,,,,,,,,,
68dcafbbefaeec64e5eb73ec,1,,1,1,,,1,,,1
68dcb173efaeec64e5eb73f1,1,,,,,,,,,
68dcb20defaeec64e5eb73f2,2,2,,,1,,3,,,
68dcb2f1efaeec64e5eb73f5,,,,,1,1,,,,
68dcb367efaeec64e5eb73f7,,,,,1,,,,,
68dcb5c9efaeec64e5eb73fe,1,,1,1,,,,,,
68dcb649efaeec64e5eb73ff,,,,1,,,1,,,
68dcb66befaeec64e5eb7400,,1,,,,,,,,
68dcb744efaeec64e5eb7403,1,1,3,4,2,,,,,
68dcb74defaeec64e5eb7404,,1,1,1,,,,1,,
68dcb752efaeec64e5eb7406,1,,2,4,1,,,,,1
68dcb91befaeec64e5eb740c,,,,,,1,,,,
68dcbdc0efaeec64e5eb7416,1,,1,1,,,,,,
68dcccedefaeec64e5eb7425,1,,,,,,,,,
68dccf83efaeec64e5eb7429,,,,,,,,,,
68dcd267efaeec64e5eb742c,1,1,1,1,,,1,,,
68dcd32aefaeec64e5eb7430,,,4,4,,,,1,1,1
68dcd48eefaeec64e5eb7432,,,,,,,,,,
68dcd509efaeec64e5eb7433,1,1,,,,,2,,,
68dcd6e6efaeec64e5eb7435,1,,1,1,,,1,1,,1
68dcd811efaeec64e5eb7438,1,,,,,,2,,,
68dcda63efaeec64e5eb743b,,1,1,1,,,,,,
68dce292efaeec64e5eb7446,1,,,,,,,,,
68dce458efaeec64e5eb7449,1,1,,,1,,1,,,
68dce858efaeec64e5eb744e,1,,2,2,,,4,,,
68dce8e5efaeec64e5eb7450,1,1,1,1,1,,,,,
68dce957efaeec64e5eb7451,2,,2,2,,,1,,,
68dceab4efaeec64e5eb7453,,,,,,,,,,
68dcf289efaeec64e5eb7459,1,,,,,,,,,
68dcf496efaeec64e5eb7460,,,,,1,,,,,
68dcf820efaeec64e5eb7462,,1,,,,,3,,,
68dcff6eefaeec64e5eb746b,,1,4,4,,,,,,
68dd0259efaeec64e5eb7470,,,,,,,,,,
68dd0608efaeec64e5eb7476,,1,1,1,,1,1,,,
68dd0861efaeec64e5eb7479,1,,1,1,,,,,,
68dd0a5defaeec64e5eb747d,,1,1,1,,,,,,
68dd0afbefaeec64e5eb747e,1,1,1,1,,,,,,
68dd0afdefaeec64e5eb747f,2,1,1,3,,,,,,
68dd0ec4efaeec64e5eb7484,1,,,,,,,,,
68dd12baefaeec64e5eb7488,,,1,1,,,,,,
68dd1590efaeec64e5eb748a,,,,,,,,,,
68dd1c04efaeec64e5eb7491,,,,,,,,,,
68dd2a61efaeec64e5eb7494,,,1,1,,,,,,
68dd67b8efaeec64e5eb7496,2,,,1,,,,,,
68dd8670efaeec64e5eb749e,2,1,,,,,,,,
68dd868cefaeec64e5eb749f,1,1,,,,,,,,
68dd9071efaeec64e5eb74a5,,,,,1,,,,,
68dd956defaeec64e5eb74a8,,1,,,,1,1,,,
68dd9699efaeec64e5eb74ab,1,1,,,3,,2,,,
68dd98faefaeec64e5eb74af,,,4,5,,,,2,1,1
68dd9ac7efaeec64e5eb74b4,1,1,,,,,,,,
68dd9bbaefaeec64e5eb74b7,2,,,,1,,,,,
68dd9c41efaeec64e5eb74b8,1,,2,2,,,3,2,,
68dd9e6defaeec64e5eb74bc,,,1,1,2,,,,,
68dda1c3efaeec64e5eb74c2,,,1,1,,,,,,
68dda1f7efaeec64e5eb74c3,,,2,2,,,,,,
68dda7fdefaeec64e5eb74ca,1,1,1,2,,,,,,
68dda9c8efaeec64e5eb74ce,,1,1,1,,,,,,
68ddaabbefaeec64e5eb74cf,,1,,1,1,,,,,
68ddacc3efaeec64e5eb74d1,1,,,,,,,,,
68ddadc8efaeec64e5eb74d3,,,1,1,,,1,,,
68ddaeb1efaeec64e5eb74d6,,,,,,,3,,,
68ddb001efaeec64e5eb74dc,1,,,,1,,,,,
68ddb003efaeec64e5eb74dd,1,1,,,,,1,,,
68ddb3caefaeec64e5eb74e2,1,1,,,,,,,,
68ddb4d2efaeec64e5eb74e3,1,2,2,2,,1,1,,,
68ddbdb6efaeec64e5eb74e8,1,1,1,1,2,,,1,,
68ddbfc9efaeec64e5eb74ec,1,1,2,2,,,,,,
68ddcb60efaeec64e5eb74f3,,2,,,,,,,,
68ddd27aefaeec64e5eb74f9,1,1,1,1,,,1,,,
68ddd305efaeec64e5eb74fc,,1,1,1,3,1,,,,
68ddd3bfefaeec64e5eb74fd,,1,,,,,,,,
68ddd6ccefaeec64e5eb7500,3,1,1,1,,,,,,
68ddd7a8efaeec64e5eb7502,,,,1,,,,,,
68dddb89efaeec64e5eb7509,,,,,,,,,,
68dddb93efaeec64e5eb750a,,,,,,,,,,
68dddecaefaeec64e5eb750f,1,1,1,1,,,,,,
68dddf7defaeec64e5eb7511,,,,,,,,,,
68dde12fefaeec64e5eb7517,,1,,,,,,,,
68dde133efaeec64e5eb7518,1,,1,1,,,,,,
68dde2adefaeec64e5eb751f,,2,,,,1,1,,,
68dde322efaeec64e5eb7521,1,1,,,,,1,,,
68dde4f0efaeec64e5eb7526,1,1,1,1,,,,,,
68dde655efaeec64e5eb752f,,1,1,1,,,,,,
68dde76befaeec64e5eb7533,,,,1,2,,,,,
68dde795efaeec64e5eb7535,,,1,1,,,2,1,,
68dde7e1efaeec64e5eb7536,,1,,,,1,,,,
68dde82cefaeec64e5eb7538,,1,1,1,1,,,,,
68ddec19efaeec64e5eb7540,2,,1,1,1,,,,,
68ddecacefaeec64e5eb7543,,,,,,,,,,
68ddf17cefaeec64e5eb754c,1,1,,,,,,,,
68ddf2b0efaeec64e5eb754f,,,,,,,,,,
68ddf395efaeec64e5eb7550,1,1,1,1,,,,,,
68ddf7312c48416419f4a76d,1,,,,1,,,,,
68ddf74e2c48416419f4a76e,,,1,2,,,1,,,
68ddf77a2c48416419f4a76f,,,,,,,,,,
68ddf8412c48416419f4a772,2,,1,1,1,,1,,,
68ddf8a12c48416419f4a775,2,,1,1,,,3,,,
68ddf9382c48416419f4a777,,,,,2,,,,,
68ddfa852c48416419f4a77b,,,,,,,,,,
68ddfbe32c48416419f4a780,1,,,,,,1,,,
68ddfc392c48416419f4a781,,,,,,,,,,
68ddfc492c48416419f4a782,,2,2,3,,,1,,,1
68ddfe482c48416419f4a788,,1,,1,1,1,2,,,
68ddfe602c48416419f4a789,1,1,1,1,1,,,1,,
68ddfeed2c48416419f4a78c,,,,,,,,,,
68ddfff42c48416419f4a790,,,,,,,,,,1
68de01c62c48416419f4a796,1,1,,,,,1,,,
68de05b32c48416419f4a79f,,,,,,,,,,
68de0aa42c48416419f4a7a4,1,,,1,,,1,1,,
68de0ac52c48416419f4a7a5,1,1,1,1,1,,,,,
68de0d532c48416419f4a7a9,1,1,5,4,1,,,,,
68de0f8b2c48416419f4a7ad,,1,,,,,1,,,
68de18892c48416419f4a7b9,,1,1,1,,,,,,
68de1c9c2c48416419f4a7bc,,1,,,,,2,,,
68de20022c48416419f4a7bf,,1,,,1,,,,,
68de26fe2c48416419f4a7c4,,,,,,,,,,
68de2ed12c48416419f4a7ca,1,,,,,,,,,
68de30d92c48416419f4a7d0,2,1,,,1,1,2,,,
68de323a2c48416419f4a7d3,,1,1,1,,,,,,
68de34da2c48416419f4a7d5,1,1,,,,,1,,,
68de386f2c48416419f4a7db,1,,1,1,,,1,,,
68de3e222c48416419f4a7e1,1,1,,,1,,1,,,
68de3f022c48416419f4a7e3,1,1,1,1,1,,1,,,
68de432d2c48416419f4a7e7,,1,2,2,1,1,1,1,,
68de43a72c48416419f4a7ec,,1,,,,,,,,
68de43bd2c48416419f4a7ed,,1,1,1,,,1,,,
68de44702c48416419f4a7f0,1,,,,,,,,,
68de44ce2c48416419f4a7f2,,,,,1,,,,,
68de46fc2c48416419f4a7f3,,1,3,3,,,,3,,
68de48672c48416419f4a7f8,,,2,2,3,,,,,
68de48882c48416419f4a7f9,2,,,,,,,,,
68de494f2c48416419f4a7fd,,1,3,3,,,,,,1
68de4a362c48416419f4a800,,1,2,2,,,,,,
68de4a4c2c48416419f4a801,2,2,,,,,,,,
68de4b2d2c48416419f4a802,,,,1,2,,4,,,
68de4b9d2c48416419f4a803,1,,,,,,,,,
68de5ef12c48416419f4a814,,,1,1,1,,,,,
68de6d6b2c48416419f4a822,,,,,,,,,,
68de785a2c48416419f4a827,1,,1,1,,,,,,
68decb322c48416419f4a82e,1,2,1,2,2,,3,,,
68deda942c48416419f4a832,,,,,,,2,,,
68dedc802c48416419f4a836,,1,,,1,,,,,
68dedc9e2c48416419f4a837,1,,,,,,,,,
68dee2c52c48416419f4a83e,1,1,,1,,,1,1,,
68dee5b52c48416419f4a844,,1,1,1,,,,,,
68def10e2c48416419f4a84f,1,,,,,,,,,
68def1612c48416419f4a850,1,1,1,1,,,,1,,
68defeaa2c48416419f4a857,,1,2,2,,,1,,,
68df17c62c48416419f4a85d,2,,1,1,,,,,,
68df29652c48416419f4a86b,,,,,,2,,,,
68df2b432c48416419f4a86d,,,,,,,,,,
68df2efa2c48416419f4a870,1,1,,,,1,1,,,
68df34d92c48416419f4a875,1,,,,,,1,,,
68df36732c48416419f4a876,,1,1,1,,,1,,,
68df37ac2c48416419f4a87a,,2,,,1,,4,,,
68df37b72c48416419f4a87b,,,1,1,,,,,,
68df38b82c48416419f4a87f,1,,1,,1,,,,,
68df3a732c48416419f4a883,3,1,,,,,,,,
68df3c952c48416419f4a885,2,,1,1,,,,,,
68df438d2c48416419f4a88c,,,1,2,1,,1,,,
68df450a2c48416419f4a88e,,,,,1,,2,,,
68df45692c48416419f4a890,1,,1,1,,,1,1,,
68df4c6d2c48416419f4a899,1,2,,,1,,1,,,
68df4cba2c48416419f4a89b,1,,,,,,,,,
68df4e7c2c48416419f4a89d,1,1,1,1,,,,,,
68df59e02c48416419f4a8a9,1,,,,1,,1,,,
68df5a9c2c48416419f4a8aa,,1,1,1,,,,,,
68df604b2c48416419f4a8ae,,,,,,,,,,
68df690f2c48416419f4a8b4,2,,1,1,1,,1,,,
68df69b12c48416419f4a8b5,,1,3,4,,,,2,,1
68df6c382c48416419f4a8b9,,1,,1,,,1,,,
68df6c842c48416419f4a8ba,,,,,,,,,,
68df6d502c48416419f4a8bc,1,1,3,2,3,,,,,
68df6e3d2c48416419f4a8bd,,,,,,,,,,
68df74bf2c48416419f4a8c2,,1,,1,,,2,1,,1
68df783b2c48416419f4a8c6,,1,,,,,,,,
68df7b682c48416419f4a8c8,,1,,,,,1,,,
68df7d282c48416419f4a8cd,,1,1,1,1,,,,,
68df81172c48416419f4a8d0,,,,,,,,,,
68df8bef2c48416419f4a8d8,1,1,3,4,1,,,2,,
68df8f932c48416419f4a8dc,,1,,,2,1,1,,,
68df94132c48416419f4a8df,,1,1,1,,1,,,,
68df9fa02c48416419f4a8e4,1,1,,,,,1,,,
68dfa4022c48416419f4a8e8,,,1,1,,1,,,,
68dfa4de2c48416419f4a8ea,,1,,1,,,1,,,
68dfa5e72c48416419f4a8eb,,,1,1,1,,1,,,
68dfb1412c48416419f4a8f6,,,1,1,,,,,,
68dfb38a2c48416419f4a8f9,5,,1,1,,,,,,
68dfb7dd2c48416419f4a8fc,1,,,,,,,,,
68dfbab52c48416419f4a8ff,,,1,1,1,,,,,1
68dfbaf32c48416419f4a902,,1,1,1,,1,,,,
68dfbf862c48416419f4a906,,,,,1,,,,,
68e031b02c48416419f4a90e,2,1,4,4,,1,,2,,1
68e035ea2c48416419f4a911,,1,1,1,3,,2,,,1
68e036bd2c48416419f4a912,1,,1,1,,,1,,,
68e03a742c48416419f4a916,,,,,1,,1,,,
68e03c672c48416419f4a918,,1,,,,,,,,1
68e03dde2c48416419f4a91a,2,,,,3,1,,,,
68e043e52c48416419f4a920,,1,,,,,2,,,1
68e0445d2c48416419f4a922,1,1,1,1,,,1,,,
68e044cc2c48416419f4a923,1,,,1,,,,,,
68e045972c48416419f4a925,,1,,,4,,,,,
68e04aab2c48416419f4a929,1,,1,2,,,,,,
68e04aad2c48416419f4a92a,,,,,,1,,,,
68e05b8a2c48416419f4a93d,,,,,,,,,,
68e05e762c48416419f4a93e,1,1,1,1,1,1,1,,,
68e061612c48416419f4a940,1,,,,,,1,,,
68e065e72c48416419f4a943,,1,,,,,,,,
68e0701a2c48416419f4a94a,1,1,2,2,,,,,,
68e0702f2c48416419f4a94b,1,1,2,2,1,1,1,,,
68e0719b2c48416419f4a94d,1,1,,,,,2,,,
68e077312c48416419f4a955,,1,1,1,,,,,,
68e07b1f2c48416419f4a95c,,1,2,2,,,1,1,,
68e07b9f2c48416419f4a95e,,1,1,1,,,1,,,
68e07ca02c48416419f4a961,,,,,,,,,,
68e07d242c48416419f4a963,,,,,,,,,,
68e07df32c48416419f4a966,,,,,,1,1,,,
68e07dfe2c48416419f4a967,,,,,2,,,,,
68e07e532c48416419f4a969,,1,2,2,,2,1,,,
68e07f5a2c48416419f4a96c,1,,2,2,,,1,1,,
68e080f42c48416419f4a972,2,,3,3,1,,1,,,
68e082222c48416419f4a974,2,1,,,1,1,1,,,
68e082a82c48416419f4a976,,,1,1,1,,,,,
68e083aa2c48416419f4a978,2,1,1,1,,,1,,,
68e086452c48416419f4a980,1,,,,,,,,,
68e086e72c48416419f4a982,2,1,2,3,,1,2,,1,
68e087ba2c48416419f4a984,3,1,,,,,,,,
68e090582c48416419f4a98e,,1,1,1,,,,,,1
68e091f72c48416419f4a991,3,,2,2,,,,,,
68e093bf2c48416419f4a995,1,1,,,1,1,3,,,
68e095db2c48416419f4a99b,,1,1,1,,,,,,
68e0963c2c48416419f4a99c,,1,2,2,,,,1,,
68e099ef2c48416419f4a9a2,,,,,,,,,,
68e09c6a2c48416419f4a9a6,,,,,1,,1,,,1
68e0a0922c48416419f4a9ab,,,1,,1,,1,,,
68e0a4582c48416419f4a9b0,1,,,,1,,2,,,
68e0a5a02c48416419f4a9b2,,1,,,,,,,,1
68e0a5f12c48416419f4a9b3,,,1,1,1,,3,1,,1
68e0aeea2c48416419f4a9bd,,1,1,1,,,,,,
68e0afe32c48416419f4a9bf,,,,1,1,,,1,,
68e0b23a2c48416419f4a9c3,,1,,,,,,,,
68e0b4642c48416419f4a9c6,1,,,,1,,,,,1
68e0b7792c48416419f4a9ca,2,,1,1,,,,1,,
68e0b88f2c48416419f4a9ce,,1,,,,,,,,
68e0b9452c48416419f4a9cf,,1,,,,,,,1,
68e0ba7e2c48416419f4a9d1,1,,,2,,,,1,,
68e0bc482c48416419f4a9d5,,,,,,,1,,,
68e0c05e2c48416419f4a9df,2,1,1,1,2,,,,,
68e0c3802c48416419f4a9e5,1,2,,,,,,,,
68e0c3ee2c48416419f4a9e6,2,1,,,2,,1,,,
68e0c4c42c48416419f4a9e8,,4,1,1,2,,,,,
68e0c6242c48416419f4a9eb,1,,1,1,1,,,,,
68e0c9432c48416419f4a9f3,,,,,,1,,,,
68e0c9902c48416419f4a9f5,,1,,,,,,,,
68e0c9ad2c48416419f4a9f6,,,1,1,1,,,,,
68e0c9e52c48416419f4a9f7,,1,,,,,,,,1
68e0cd422c48416419f4aa02,1,,,,1,,2,,,
68e0cf332c48416419f4aa06,1,1,,,,,1,,,
68e0d0c52c48416419f4aa0e,,,1,1,,,1,,,1
68e0d0dd2c48416419f4aa0f,1,,,,,,,,,
68e0d24b2c48416419f4aa11,,,1,1,,,,,,
68e0d3472c48416419f4aa15,,,,,,,,,,
68e0d51e2c48416419f4aa19,1,1,2,2,2,,,,,
68e0d6cc2c48416419f4aa1c,,1,,,1,,2,,,
68e0d7d92c48416419f4aa1f,,1,,,,,,,,
68e0da2a2c48416419f4aa24,1,,,,1,,,,,
68e0dab12c48416419f4aa25,,1,2,2,,,,,,
68e0db212c48416419f4aa26,,1,1,1,,,,,,
68e0e04f2c48416419f4aa2c,,,,,,,,,,
68e0e1542c48416419f4aa2f,,,1,1,,,,,,
68e0e1862c48416419f4aa31,,,1,1,1,,,,,
68e0e20d2c48416419f4aa32,1,1,2,3,,,,,,
68e0e5262c48416419f4aa36,2,,,,,,1,,,
68e0e5732c48416419f4aa38,,1,1,1,,,,,,1
68e0e6312c48416419f4aa3b,1,1,,,2,,1,,,
68e0e9862c48416419f4aa42,,1,1,1,1,1,1,1,,1
68e0ed242c48416419f4aa49,,1,,,,1,,,,
68e0ed272c48416419f4aa4a,1,,1,1,2,,3,,,
68e0ef8e2c48416419f4aa4d,,,,,1,,1,,,
68e0f0742c48416419f4aa50,,,1,1,1,,,,,1
68e0f1ee2c48416419f4aa53,,1,1,1,,,,,,
68e0f1f52c48416419f4aa54,1,,,,,,2,,,
68e0f31b2c48416419f4aa56,,1,4,4,,,,,,
68e0f6092c48416419f4aa5b,2,,1,1,,,,,,
68e0f8642c48416419f4aa60,,1,,1,1,,1,1,,1
68e102502c48416419f4aa6e,,1,,,,1,1,,,
68e103362c48416419f4aa71,,2,1,1,,,2,,,
68e10c752c48416419f4aa79,,,1,1,1,,,,,
68e114682c48416419f4aa7e,1,2,2,2,,,,,,
68e124e32c48416419f4aa81,1,,,,,,,,,
68e1366d2c48416419f4aa84,,,1,1,1,,,,,
68e1417e2c48416419f4aa86,,1,,,,,1,,,
68e1420c2c48416419f4aa87,,,1,1,1,,,,,
68e15cef2c48416419f4aa8d,1,,,,2,,,,,
68e17cdc2c48416419f4aa94,,1,,1,,,,,,
68e18b692c48416419f4aa98,2,1,2,2,,1,1,,,1
68e18b7e2c48416419f4aa99,,1,,,,,,,,
68e191d52c48416419f4aa9d,1,1,,,,,,,,
68e199ec2c48416419f4aaa1,3,1,3,3,,,2,1,,
68e19a562c48416419f4aaa2,2,,2,2,1,,,,,
68e1a7e02c48416419f4aaa9,,2,,,,,,,,
68e1a9d52c48416419f4aaae,1,,,,,1,1,,,
68e1aa252c48416419f4aaaf,1,1,1,1,,1,1,,,
68e1ab892c48416419f4aab1,2,2,1,1,,,,,,
68e1ac602c48416419f4aab3,,1,,,2,,,,,
68e1b0622c48416419f4aabe,1,,,,,,,,,
68e1b2562c48416419f4aac0,1,,1,2,,,1,,,
68e1b3b72c48416419f4aac3,1,,1,1,,,2,,,
68e1b4a92c48416419f4aac5,,1,,,1,,,,,
68e1b9032c48416419f4aaca,1,1,1,1,,,,,,
68e1b9752c48416419f4aacd,1,,1,1,,,,1,2,
68e1bd922c48416419f4aad3,,,,,,,,,,
68e1c0e12c48416419f4aad8,,1,1,1,,,,,,
68e1c42f2c48416419f4aade,,,,,,,,,,
68e1c7842c48416419f4aae4,,,,,,,,,,
68e1c7952c48416419f4aae5,,,,,,,,,,
68e1c8022c48416419f4aae7,,,,,,,,,,
68e1c8482c48416419f4aae8,1,,,,,,,,,
68e1cadf2c48416419f4aaef,,,2,2,,,,,,
68e1cd182c48416419f4aaf5,,1,1,1,1,,,,,
68e1cf992c48416419f4aafa,,1,2,2,,,,,,
68e1d05e2c48416419f4aafd,,,1,1,,1,,1,,
68e1d3ba2c48416419f4ab03,,1,,,,1,3,,,
68e1d6d22c48416419f4ab0d,,3,,,,,,,,
68e1d8cd2c48416419f4ab11,,,,,,,,,,
68e1d9682c48416419f4ab12,1,,,,,,,,,
68e1db182c48416419f4ab15,,,,,,,,,,
68e1dc1d2c48416419f4ab18,2,,,,,,1,,,
68e1ddcc2c48416419f4ab1e,,,,,,,1,,,
68e1dec92c48416419f4ab22,,1,,,2,,2,,,
68e1ded92c48416419f4ab23,2,1,,,2,,,,,
68e1e07a2c48416419f4ab27,,,,,,,,,,
68e1e0d92c48416419f4ab28,,1,,,1,,2,,,
68e1e2762c48416419f4ab2e,,1,,,,1,1,,,
68e1e5b42c48416419f4ab35,,1,1,1,1,,,,,
68e1ea1d2c48416419f4ab3e,1,2,,1,,,,,,
68e1ed922c48416419f4ab44,,,,,1,,,,,
68e1eec22c48416419f4ab49,1,,,,,,,,,
68e1ef1c2c48416419f4ab4a,,1,,,2,1,1,,,
68e1f28b2c48416419f4ab53,1,1,,,,1,1,,,
68e1f6f52c48416419f4ab5c,1,1,,,,,,,,
68e1f7ba2c48416419f4ab5e,,,1,1,1,,,,,
68e1f7e22c48416419f4ab5f,,1,,,,,,,,
68e1f7fb2c48416419f4ab61,1,,,,1,,2,,,
68e1fa172c48416419f4ab68,1,1,,1,,,1,1,,
68e1fa352c48416419f4ab69,,1,,,,,,,,
68e1faac2c48416419f4ab6e,,1,,,2,,1,,,
68e1fad42c48416419f4ab6f,,,,,,,,,,
68e1fae62c48416419f4ab70,,,,,,,2,,,
68e1faea2c48416419f4ab71,,1,1,1,,,,,,
68e1fb8c2c48416419f4ab74,,,1,1,,,,,,
68e1fb922c48416419f4ab75,1,1,1,1,,,1,,,
68e1fcdf2c48416419f4ab77,,1,,,,,,,,
68e1fe8e2c48416419f4ab7c,1,,,,,,1,,,
68e2012e2c48416419f4ab83,,,,,,,,,,
68e2055a2c48416419f4ab8e,,,,,,,,,,
68e208da2c48416419f4ab93,,,1,1,,,,,,
68e20b8b2c48416419f4ab98,1,,,,,,,,,
68e20fea2c48416419f4ab9d,,,,,,,,,,
68e210452c48416419f4aba0,,2,,,,,3,,,
68e211be2c48416419f4aba2,,1,1,1,,,,,,
68e2154b2c48416419f4aba9,1,1,1,1,,,,,,
68e215d02c48416419f4abab,,,,,,,,,,1
68e2174c2c48416419f4abaf,,,,,,,,,,
68e217582c48416419f4abb0,,1,1,2,,,,,,
68e21fd32c48416419f4abbb,1,1,,,,1,1,,,
68e220472c48416419f4abbc,,,1,2,,,1,1,,
68e222ef2c48416419f4abc1,,2,,,2,,1,,,
68e2246e2c48416419f4abc7,,1,,1,,,,,,
68e225d22c48416419f4abce,1,1,,,,,,,,
68e225db2c48416419f4abcf,,1,,,1,,3,,,
68e226dd2c48416419f4abd1,1,1,4,4,1,,1,1,,
68e227752c48416419f4abd3,,,1,1,,,,,,
68e227c02c48416419f4abd4,1,,2,3,,,1,2,,1
68e2291c2c48416419f4abd6,,1,3,4,,,1,,,
68e22a752c48416419f4abd7,1,,2,2,,,,,,
68e22b3f2c48416419f4abd9,1,3,1,1,,1,1,,,
68e22c952c48416419f4abde,,1,,,,,,,,
68e22f1b2c48416419f4abe3,,1,,,,1,,,,1
68e22fc52c48416419f4abe8,,1,1,1,2,,,,,
68e2312d2c48416419f4abec,,,,,1,,1,,,
68e2313b2c48416419f4abee,,,1,1,,,,,,
68e2396d2c48416419f4abff,1,1,1,2,,,,1,,
68e23a592c48416419f4ac01,1,,1,1,1,,,,,
68e23c072c48416419f4ac07,1,2,,,,,1,,,
68e23c592c48416419f4ac09,,1,1,1,,,,,,
68e23cc42c48416419f4ac0b,1,,,,,,,,,
68e2426c2c48416419f4ac11,,,,,,,1,,,
68e243c72c48416419f4ac13,1,,2,2,,,,,,1
68e243fb2c48416419f4ac15,,,1,,2,,1,,,
68e247a82c48416419f4ac1e,,,,,,,,,,
68e248252c48416419f4ac1f,,,,,,,,,,
68e2486f2c48416419f4ac21,,,,,2,,,,,
68e249552c48416419f4ac25,,,,,,,,,,
68e249d12c48416419f4ac26,,1,2,2,,,,,,
68e24a072c48416419f4ac28,,,1,1,,,1,1,,
68e24a522c48416419f4ac2a,,1,1,1,,,,,,
68e24afe2c48416419f4ac2c,,,,,,,,,,
68e24b562c48416419f4ac2d,,,1,1,,,,,,
68e250502c48416419f4ac3a,,,,,,,,,,
68e2524d2c48416419f4ac3d,2,,1,1,,,,,,
68e252872c48416419f4ac3f,,,1,2,,,,,,
68e255a62c48416419f4ac45,1,,,,,,,,,
68e2578f2c48416419f4ac4a,,,,,1,,,,,2
68e2585d2c48416419f4ac4c,1,,1,1,,,,,,
68e259772c48416419f4ac4f,,,,1,,,1,,,
68e25b112c48416419f4ac53,1,,,,,,,,,
68e25b792c48416419f4ac54,,1,1,1,1,,,,,
68e25f112c48416419f4ac5e,,,,,,,1,,,
68e25f6f2c48416419f4ac5f,,,,,,,,,,
68e260892c48416419f4ac62,3,,,,,,,,,
68e261772c48416419f4ac63,,,,,,,,,,
68e262e52c48416419f4ac66,1,,1,1,,,,,,
68e269eb2c48416419f4ac6d,,,,,,,,,,
68e273f12c48416419f4ac76,,,,1,,,2,,,
68e273f12c48416419f4ac77,,2,,,,,,,,
68e282fc2c48416419f4ac7e,1,1,,,2,,,,,
68e283922c48416419f4ac7f,1,,,,,,,,,
68e2839d2c48416419f4ac80,,1,1,1,1,,,,,
68e28e5b2c48416419f4ac86,,,1,1,,,2,,,
68e292b02c48416419f4ac89,,,,,,,,,,
68e2b1bd2c48416419f4ac8e,,,,,,,,,,
68e2b5582c48416419f4ac8f,1,,,,1,,1,,,
68e2cb2a2c48416419f4ac94,1,1,1,1,,,,,,
68e2cbe52c48416419f4ac95,1,2,,,,,1,,,
68e2d09d2c48416419f4ac97,,,1,1,,,1,,,
68e2d7792c48416419f4ac9c,,,,,,,,,,
68e2db792c48416419f4aca4,,1,1,1,,,,,,
68e2dbec2c48416419f4aca5,,,,,,,,,,
68e2ddfc2c48416419f4aca8,,1,,,,,,,,
68e2e00e2c48416419f4acaf,,,,,,,,,,
68e2e0192c48416419f4acb0,1,,1,1,,,,,,
68e2e0f42c48416419f4acb3,1,,,,,,,,,
68e2e2ef2c48416419f4acbb,,1,,,1,1,,,,
68e2e2f12c48416419f4acbc,,,,,,,,,,
68e2e4b12c48416419f4acc0,1,1,1,1,,,,,,
68e2e5852c48416419f4acc4,,1,3,4,,1,1,2,,
68e2e5d72c48416419f4acc7,,,3,3,,,,,,1
68e2e6872c48416419f4acca,,,,,,,,,,
68e2e7102c48416419f4accb,,1,1,1,1,,1,,,
68e2e73a2c48416419f4accc,,,1,2,,,,,,
68e2ed822c48416419f4acd7,,,,,,,,,,
68e2eee52c48416419f4acdb,,1,,1,,,,,,
68e2f1a92c48416419f4ace6,,,7,7,,,,3,,
68e2f1e42c48416419f4ace7,,1,,,,,1,,,
68e2f1f82c48416419f4ace8,,,3,3,,,1,1,,
68e2f2e52c48416419f4aceb,2,1,1,1,,,,,,
68e2f32c2c48416419f4acec,,,,,,,,,,
68e2f34e2c48416419f4aced,,2,,,,,,,,
68e2f6582c48416419f4acf1,,,,,,,,,,
68e2f66c2c48416419f4acf2,1,1,3,3,2,,,,,
68e2f6ce2c48416419f4acf5,,,,,,,,,,
68e2f8262c48416419f4acfa,,,1,1,,,,,,
68e2fc262c48416419f4ad03,1,1,,,,,,,,
68e2fd132c48416419f4ad05,,1,,,,,,,,
68e2fd202c48416419f4ad06,,,,,1,,,,,
68e2ffd82c48416419f4ad08,1,1,3,3,,,1,2,2,
68e300592c48416419f4ad0a,,,,,,,,,,
68e302af2c48416419f4ad11,,,,,,,,,,
68e302af2c48416419f4ad12,,,,,,,1,,,
68e303352c48416419f4ad16,,1,1,2,1,,,,,
68e303ce2c48416419f4ad1a,1,,,,,1,,,,
68e3059b2c48416419f4ad1d,,,,1,,,1,,,
68e306792c48416419f4ad24,,,,,,,2,,,
68e307672c48416419f4ad27,,1,,,,,,,,
68e308242c48416419f4ad2e,,,,,,,,,,
68e308312c48416419f4ad2f,,,2,1,1,,,,,
68e308c22c48416419f4ad31,1,,1,1,,,,,1,
68e309062c48416419f4ad35,,,1,1,,,,,,
68e30a082c48416419f4ad38,,,1,1,,,,1,,
68e30ba72c48416419f4ad41,,1,,,,,1,,,
68e30c1f2c48416419f4ad44,,1,,,,,,,,
68e30c382c48416419f4ad45,,1,2,2,,,,,,
68e30c9c2c48416419f4ad48,,1,2,1,2,1,1,,,
68e30ca72c48416419f4ad49,2,,,,,,3,,,
68e30ea32c48416419f4ad53,,,1,1,2,,,,,1
68e30fe62c48416419f4ad5a,2,,1,1,,,,,,
68e3100b2c48416419f4ad5b,,1,1,1,2,,,,,
68e312322c48416419f4ad64,,1,,,,,,,,
68e313302c48416419f4ad6a,,1,1,1,,2,1,1,,
68e313452c48416419f4ad6b,,,,,,,,,,
68e314372c48416419f4ad6f,,1,,,2,,,,,
68e3143d2c48416419f4ad70,,1,1,1,,,,,,
68e314442c48416419f4ad71,,,,,1,,2,,,
68e3147a2c48416419f4ad72,,,,,1,,,,,
68e315a12c48416419f4ad76,,,,,,,,,,
68e316112c48416419f4ad77,1,,,,,,,,,
68e318932c48416419f4ad82,,,,,,,,,,
68e319cb2c48416419f4ad87,,1,,,,,,,,
68e31a212c48416419f4ad89,,,,1,1,,,,,
68e31bb72c48416419f4ad8e,,,,,,,,,,
68e31d1f2c48416419f4ad93,,1,2,2,,,,2,,
68e31e2b2c48416419f4ad95,,1,1,1,,,3,,,
68e31f072c48416419f4ad99,2,,1,1,,,,,,
68e31f5b2c48416419f4ad9a,,1,1,1,,,,,,
68e3227d2c48416419f4ada0,,,1,1,,,,,,
68e3268b2c48416419f4adaa,1,1,1,1,,,,,,
68e327862c48416419f4adad,,1,1,1,,,,,,
68e3279c2c48416419f4adaf,,,,,,,,,,
68e328052c48416419f4adb1,,1,,1,,,,,,
68e329cd2c48416419f4adb7,,1,,,,,1,,,
68e32aaa2c48416419f4adb8,,,1,1,,,,,,
68e32ce92c48416419f4adbf,,,,,,,1,,,
68e32d452c48416419f4adc1,,,,,,,,,,
68e32d8a2c48416419f4adc2,1,,1,1,,,2,,,
68e332ba2c48416419f4adcf,1,,,,,,,,,
68e333132c48416419f4add1,,,,,2,,,,,
68e334352c48416419f4add6,1,1,1,1,,,,,,
68e335302c48416419f4addc,,,,,,,,,,
68e3365f2c48416419f4ade1,1,,,,,,,,,
68e3369a2c48416419f4ade3,,1,,,,,,,,
68e3389a2c48416419f4ade8,1,1,2,2,,,2,,,
68e339aa2c48416419f4adee,,,,,1,,,,,
68e339b12c48416419f4adef,1,,,2,1,,,,,1
68e339fc2c48416419f4adf1,,1,,,,,,,,
68e33a192c48416419f4adf3,,,,,,,,,,
68e33a512c48416419f4adf5,,1,,,,,,,,
68e33a592c48416419f4adf7,,,,,,,,,,
68e33b642c48416419f4adfd,1,,3,3,2,,,,,
68e33b772c48416419f4adff,,,,,,,,,,
68e33b902c48416419f4ae00,,1,,,,,,,,
68e33bc62c48416419f4ae03,1,,,,,,1,,,
68e33c022c48416419f4ae05,2,2,2,2,,,,,1,
68e33d152c48416419f4ae0a,,,1,2,,,,2,,1
68e33d612c48416419f4ae0e,1,1,,,,,1,,,
68e33dae2c48416419f4ae10,,1,,,,,,,,
68e33e5c2c48416419f4ae13,,1,,,1,1,1,,,
68e33e882c48416419f4ae15,1,,,,,,,,,
68e33fa72c48416419f4ae1c,,1,1,1,,,,,,
68e33fad2c48416419f4ae1d,,,,,,,,,,
68e341702c48416419f4ae24,,1,,,,,1,,,
68e342512c48416419f4ae2b,,,3,3,,,,,,1
68e342962c48416419f4ae2c,,1,1,1,,,,,,
68e344662c48416419f4ae34,,1,,1,1,,1,,,
68e345e32c48416419f4ae39,,,,,,,,,,
68e3469f2c48416419f4ae3b,,,1,2,,,,,1,
68e34a872c48416419f4ae45,,2,,,,,,,,
68e34ac92c48416419f4ae46,,,,,,,,,,
68e34b462c48416419f4ae48,,1,3,3,,1,,1,,
68e34ff12c48416419f4ae53,,1,1,1,1,,,,,
68e350c82c48416419f4ae56,,1,,,,,,,,
68e351622c48416419f4ae59,,,,,,,,,,
68e351b02c48416419f4ae5a,,1,,,,,,,,
68e3521f2c48416419f4ae5d,,1,,1,,,1,,,
68e3538b2c48416419f4ae63,,1,,,,,1,,,
68e354972c48416419f4ae68,,1,1,1,,,1,,,
68e358e42c48416419f4ae75,,,1,1,1,,1,,,
68e359742c48416419f4ae77,,,,,,,,,,
68e3597a2c48416419f4ae78,2,,1,1,,,,,,
68e359da2c48416419f4ae79,,,,,,,,,,
68e35a9a2c48416419f4ae7c,,1,2,2,,,1,,,
68e35c132c48416419f4ae80,,,,,,,,,,1
68e35f1e2c48416419f4ae85,,,,,,,,,,
68e35f4b2c48416419f4ae87,1,1,2,2,,,1,,,
68e35ffb2c48416419f4ae88,,,,,,,,,,1
68e360942c48416419f4ae8a,1,1,,,,,1,,,
68e363d92c48416419f4ae90,,,,1,,,,,,
68e3641a2c48416419f4ae93,,,1,1,,,,,,
68e364962c48416419f4ae95,2,,1,1,,,,,,
68e3652a2c48416419f4ae98,,1,1,1,,,,,,
68e365672c48416419f4ae99,1,1,,1,,,,,,1
68e366112c48416419f4ae9a,1,1,,,,,1,,,
68e366e42c48416419f4aea0,,,1,1,,2,,1,,
68e367bd2c48416419f4aea6,,1,1,,1,,,,,
68e367f32c48416419f4aea7,,,,,,,1,,,
68e368492c48416419f4aeab,,,,,2,,,,,1
68e368802c48416419f4aead,,,,,,,,,,
68e368952c48416419f4aeaf,,1,,,,,1,,,
68e368e92c48416419f4aeb0,,,,,,,,,,
68e369c32c48416419f4aeb2,1,,1,1,,,,,,
68e369f12c48416419f4aeb3,,,,,,,,,,
68e36a4d2c48416419f4aeb4,1,,,,,,1,,,
68e36a992c48416419f4aeb5,,,,,,,,,,
68e36c4e2c48416419f4aebe,,,,,,,,,,
68e36ecc2c48416419f4aec9,,,,,,,,,,
68e36f8c2c48416419f4aecf,,,,,1,,,,,
68e36fd62c48416419f4aed3,,1,1,1,,,,,,
68e3711c2c48416419f4aedb,,,,,,,,,,
68e371822c48416419f4aedd,,,,,1,,1,,,
68e371a22c48416419f4aee0,,,,,,,,,,
68e373182c48416419f4aee7,1,2,1,1,,,,,,
68e373232c48416419f4aee9,1,1,,,,,1,,,
68e375362c48416419f4aef2,,,1,1,,,1,,,
68e375f72c48416419f4aef9,1,,,,1,,,,,
68e376082c48416419f4aefa,,,,,,,,,,
68e377532c48416419f4aeff,,1,,,,,,,,
68e377cc2c48416419f4af02,,1,1,1,,,3,1,,
68e378c52c48416419f4af0a,,,,,2,,,,,
68e378cc2c48416419f4af0b,,,,,2,,,,,
68e3795d2c48416419f4af0e,,,,,,,,,,
68e3797a2c48416419f4af0f,1,1,,,,1,,,,
68e37b5e2c48416419f4af18,6,,3,3,3,,,,,
68e37b752c48416419f4af19,,,,,,,,,,
68e37bd22c48416419f4af1d,,,,,1,1,1,,,
68e37c352c48416419f4af1e,,,1,1,2,,,,,
68e37c7f2c48416419f4af21,,1,,,,,,,,
68e37d0d2c48416419f4af25,,,1,1,,,2,,,
68e37e7d2c48416419f4af31,,1,,,,,,,,
68e37e8d2c48416419f4af32,,,,,2,,,,,
68e37f712c48416419f4af3d,,1,,,,,,,,
68e37f862c48416419f4af3e,1,1,1,1,1,,2,1,,
68e3800a2c48416419f4af41,,,1,1,2,,,,,
68e3806f2c48416419f4af45,,1,3,3,1,,,,,
68e380972c48416419f4af49,,,,,,,,,,
68e3811b2c48416419f4af4e,,,,,,,1,,,
68e3812d2c48416419f4af50,,,,,,,,,,
68e381602c48416419f4af51,1,,,,,,,,,
68e381972c48416419f4af54,,,,,1,,,,,
68e382032c48416419f4af57,,,,,,,,,,
68e382192c48416419f4af58,,,,,,,,,,
68e383042c48416419f4af5f,,1,,,,,,,,
68e383292c48416419f4af61,,1,2,2,,,,,,1
68e3834b2c48416419f4af63,,,,,,,,,,
68e3835f2c48416419f4af65,2,1,1,2,,,,1,,
68e3841e2c48416419f4af6a,1,,2,2,,,,,,
68e3849a2c48416419f4af6b,1,,1,1,,,,,,
68e384e02c48416419f4af6d,,,,,,,1,,,
68e384f62c48416419f4af6e,,,,,1,,,,,
68e384ff2c48416419f4af6f,1,1,1,1,,1,,,,
68e3850a2c48416419f4af70,2,,,,,,,,,
68e385c52c48416419f4af7a,1,,1,1,,,,,,
68e386892c48416419f4af80,,1,,,,,,,,
68e386eb2c48416419f4af86,,1,,,,,1,,,
68e387672c48416419f4af8a,2,2,1,1,,,,,,
68e388252c48416419f4af97,,1,,,,,,,,
68e3882e2c48416419f4af98,,,,,,,,,,
68e388322c48416419f4af99,,,,,,,,,,
68e3889e2c48416419f4afa0,,1,,,2,,,,,
68e388e02c48416419f4afa3,,,1,1,,,,,,
68e388e02c48416419f4afa4,,,,,1,,1,,,
68e389032c48416419f4afa6,1,,4,4,,,,,,
68e3890f2c48416419f4afa8,,1,4,4,,,1,1,,
68e3895f2c48416419f4afac,,1,1,1,,,,,,
68e389852c48416419f4afaf,,1,,1,,1,,,,
68e389f42c48416419f4afb4,,,,,1,1,,,,
68e38a312c48416419f4afb7,1,,,,,,1,,,
68e38a6f2c48416419f4afb9,1,,,,,,1,,,
68e38aa32c48416419f4afbd,,,,,1,,1,,,
68e38ad42c48416419f4afc1,,1,,,,,,,,
68e38afe2c48416419f4afc6,,1,,,,,,,,
68e38bb12c48416419f4afcf,,1,,,,,,,,
68e38bec2c48416419f4afd0,1,,,,,,1,,,1
68e38bf62c48416419f4afd1,1,1,1,1,,,,,,
68e38c712c48416419f4afd6,,1,1,1,,,,,,
68e38cc52c48416419f4afd9,,1,,,,1,,,,
68e38cd82c48416419f4afda,,1,,,,,1,,,
68e38cea2c48416419f4afdb,,,,,,,,,,
68e38d272c48416419f4afdd,,,2,1,,,1,,,
68e38dfc2c48416419f4afe3,,,,,,,,,,
68e38e522c48416419f4afe8,,1,,,,,,,,
68e38f622c48416419f4aff8,,2,1,1,,,,,,
68e38f722c48416419f4affa,,,,,,,,,,
68e38f982c48416419f4affe,,,,,1,,,,,
68e390202c48416419f4b001,1,,,1,,,,,,
68e390932c48416419f4b006,1,,1,1,,,,,,
68e390a32c48416419f4b008,,1,1,1,,1,,,,
68e3923b2c48416419f4b016,,1,1,1,1,1,1,,,
68e392562c48416419f4b019,,,1,1,,,,1,,
68e392dc2c48416419f4b022,,1,1,1,,,,1,,
68e393332c48416419f4b026,,,1,1,,,,,,
68e3935b2c48416419f4b028,,1,,,,,1,,,
68e393852c48416419f4b02a,,,,,,,,,,
68e393892c48416419f4b02b,1,,1,1,,,1,,,
68e393c12c48416419f4b02e,,,,,,,,,,
68e393c42c48416419f4b02f,,,4,5,1,,,1,,
68e393e82c48416419f4b032,,,,,,,,,,
68e393f62c48416419f4b035,,,,,,,,,,
68e3941f2c48416419f4b036,,1,1,1,,,,1,1,
68e394442c48416419f4b038,,,1,1,,,,,,
68e3945e2c48416419f4b03a,,,,,1,,,,,
68e3945f2c48416419f4b03b,2,1,,,,,1,,,
68e3953b2c48416419f4b047,1,,,,,,1,,,
68e396182c48416419f4b04c,1,1,,,,,,,,
68e397af2c48416419f4b055,,,,,,,,,,
68e397e12c48416419f4b058,,2,1,1,,,,,,
68e3983a2c48416419f4b05a,,,,,,,,,,
68e3994c2c48416419f4b062,,1,,,,,,,,
68e399672c48416419f4b064,,,,,,,,,,
68e399b52c48416419f4b066,,,,,,,,,,
68e399ba2c48416419f4b067,,1,1,1,,,,,,
68e399d02c48416419f4b068,,,1,1,1,,,,,
68e399e32c48416419f4b06a,,,,,,,,,,
68e39a472c48416419f4b06b,,1,,,,,,,,
68e39b112c48416419f4b076,,,,,,,,,,
68e39bed2c48416419f4b07d,,,,,,,,,,
68e39df92c48416419f4b08c,,,1,1,,,1,,,
68e39ec62c48416419f4b093,,,,,,,,,,
68e39f2b2c48416419f4b097,,,,,,,,,,
68e39f7b2c48416419f4b09a,,,,,,,,,,
68e39fba2c48416419f4b09b,1,1,,1,,,,,,
68e39fc92c48416419f4b09c,,,1,1,,,,,,
68e39ff42c48416419f4b09d,,,,,,,,,,
68e3a0ed2c48416419f4b0a0,1,,1,1,,,,,,
68e46a288ccc0a418eb5ea99,,,,,,,,,,
