_id,failedAttempts,oracleEquivalenceMap.2,oracleEquivalenceMap.3,oracleEquivalenceMap.4,oracleEquivalenceMap.8,oracleEquivalenceMap.5,oracleEquivalenceMap.6,oracleEquivalenceMap.7,oracleEquivalenceMap.1
68d9d432c078163b8fb2176d,11,3,3,3,3,,,,
68d9d7ffc078163b8fb2176f,5,3,3,3,3,1,1,1,
68d9dc5ac078163b8fb21772,3,14,13,13,14,7,7,8,4
68d9e608c078163b8fb21779,8,2,2,2,2,,,,
68d9eba3c078163b8fb2177e,3,8,8,5,5,,3,,
68d9ec1bc078163b8fb2177f,3,8,6,4,4,1,4,2,
68d9f29dc078163b8fb21787,6,5,5,5,5,1,1,1,
68d9f859c078163b8fb2178a,10,15,15,13,14,6,7,6,6
68d9ff13c078163b8fb21791,2,13,7,8,10,6,9,8,1
68da01e3c078163b8fb21793,9,9,7,4,6,3,5,4,
68da0696c078163b8fb21799,13,2,2,2,2,1,1,1,
68da07a9c078163b8fb2179b,16,5,4,4,3,1,2,2,1
68da0c16c078163b8fb217a2,0,4,4,3,5,,1,,
68da0e803ed3d73d0ac5a56a,3,10,6,4,8,6,7,8,1
68da20e49e845869136257ec,4,4,4,2,4,3,3,3,
68da282f9e845869136257f0,4,23,23,23,22,15,15,15,4
68da2ebb9e845869136257f3,2,11,11,9,11,5,5,5,3
68da33249e845869136257f6,9,6,5,3,4,1,3,1,
68da57e59e845869136257ff,3,4,2,3,2,1,2,2,
68da61e89e84586913625806,5,7,4,5,5,2,3,3,
68da62a29e84586913625807,0,,,,,,,,
68da6b679e8458691362580c,4,4,4,2,3,,2,,
68da75149e8458691362580e,4,13,13,13,13,3,3,3,
68daf56eefaeec64e5eb7113,2,13,9,11,10,1,2,4,1
68daf877efaeec64e5eb7119,7,4,2,2,2,1,2,2,
68daf9b5efaeec64e5eb711b,6,6,5,5,5,2,3,3,2
68dafa10efaeec64e5eb711c,2,7,5,5,6,3,4,4,1
68dafc6defaeec64e5eb7125,7,2,2,1,1,,1,,
68daffbaefaeec64e5eb7129,3,4,3,4,3,,,1,
68db0254efaeec64e5eb712e,1,9,6,7,7,4,5,5,
68db02a2efaeec64e5eb712f,16,13,11,12,10,1,2,3,3
68db052cefaeec64e5eb7133,1,9,6,5,6,4,6,5,
68db05e7efaeec64e5eb7135,2,4,4,4,2,2,2,2,2
68db07aeefaeec64e5eb7139,27,1,1,1,1,,,,
68db08c1efaeec64e5eb713b,2,14,11,7,10,3,7,4,1
68db1002efaeec64e5eb7142,23,8,8,7,7,2,3,2,2
68db2121efaeec64e5eb7150,0,10,7,5,9,5,6,6,3
68db22bcefaeec64e5eb7155,3,4,3,2,3,1,2,1,
68db234defaeec64e5eb7157,9,7,5,3,6,2,4,2,
68db23f4efaeec64e5eb7158,2,1,1,1,1,,,,
68db2469efaeec64e5eb7159,24,1,1,1,1,,,,
68db2491efaeec64e5eb715a,6,2,2,2,2,,,,
68db2849efaeec64e5eb716b,0,,,,,,,,
68db29ebefaeec64e5eb7175,9,2,2,2,2,,,,
68db3206efaeec64e5eb7185,9,24,19,17,14,8,13,12,6
68db3269efaeec64e5eb7186,7,1,1,1,1,,,,
68db33b6efaeec64e5eb7188,16,9,8,7,6,3,5,4,3
68db3581efaeec64e5eb718c,12,7,6,4,6,2,3,2,
68db359aefaeec64e5eb718d,7,8,8,6,7,4,5,4,
68db3875efaeec64e5eb7198,11,7,7,7,7,1,1,1,
68db38e3efaeec64e5eb7199,6,1,1,1,1,,,,
68db3cf6efaeec64e5eb71a4,4,9,8,5,8,4,5,4,1
68db3d46efaeec64e5eb71a7,2,3,2,2,3,1,2,2,1
68db3da8efaeec64e5eb71a9,14,3,3,2,3,2,2,2,1
68db3debefaeec64e5eb71ac,4,2,2,2,2,,,,
68db3f3aefaeec64e5eb71b0,4,6,5,3,3,1,3,2,
68db3fd3efaeec64e5eb71b4,3,9,4,7,8,4,5,6,4
68db3fd7efaeec64e5eb71b5,1,6,5,3,3,1,3,2,1
68db41cfefaeec64e5eb71c1,9,21,20,12,17,5,9,5,
68db425eefaeec64e5eb71c5,26,3,3,3,3,1,1,1,
68db4273efaeec64e5eb71c8,2,4,4,3,4,2,3,2,3
68db4288efaeec64e5eb71c9,4,8,8,8,10,7,7,7,5
68db42bfefaeec64e5eb71cb,10,1,1,1,1,,,,
68db4341efaeec64e5eb71cd,2,12,10,8,9,4,7,5,4
68db439fefaeec64e5eb71d0,11,9,6,6,5,3,5,5,
68db44cdefaeec64e5eb71d9,2,12,10,9,9,2,5,4,4
68db456cefaeec64e5eb71db,26,3,3,3,3,2,2,2,
68db459befaeec64e5eb71de,21,1,1,1,1,,,,
68db477cefaeec64e5eb71e5,6,9,6,4,5,2,5,4,
68db4780efaeec64e5eb71e6,2,4,3,3,2,,1,1,
68db47bfefaeec64e5eb71e7,11,3,3,2,3,1,1,1,
68db4956efaeec64e5eb71ec,7,14,12,8,8,1,6,2,3
68db498cefaeec64e5eb71ef,17,7,7,5,6,3,4,3,
68db4b8aefaeec64e5eb71f4,3,4,4,4,4,2,2,2,
68db4e64efaeec64e5eb71ff,4,8,4,4,5,3,4,5,
68db4e71efaeec64e5eb7200,11,1,1,1,1,,,,
68db4e81efaeec64e5eb7201,7,7,7,7,7,2,2,2,
68db4f98efaeec64e5eb7203,13,8,7,7,8,2,2,2,
68db5033efaeec64e5eb7205,6,5,4,3,2,,2,1,
68db5121efaeec64e5eb7206,5,9,7,6,6,1,3,2,
68db51d7efaeec64e5eb7207,0,16,14,11,15,6,8,7,6
68db54bbefaeec64e5eb7211,0,13,11,9,10,5,8,6,6
68db556fefaeec64e5eb7216,28,5,5,5,5,,,,
68db55e9efaeec64e5eb7218,12,6,5,3,5,4,5,4,
68db56d5efaeec64e5eb721b,20,4,4,3,3,,1,,
68db5801efaeec64e5eb721f,1,5,5,4,4,3,4,3,3
68db58bcefaeec64e5eb7220,13,2,2,1,1,,1,,
68db595eefaeec64e5eb7222,6,27,24,24,23,19,21,21,15
68db5d33efaeec64e5eb722e,5,7,7,6,9,1,2,1,1
68db5dd6efaeec64e5eb7230,14,5,5,5,5,,,,
68db5f02efaeec64e5eb7234,5,1,1,1,1,,,,
68db60c9efaeec64e5eb7239,7,6,5,5,6,3,3,3,
68db6122efaeec64e5eb723d,41,1,1,1,1,,,,
68db63a2efaeec64e5eb7242,17,6,6,6,7,3,2,3,3
68db6460efaeec64e5eb7244,4,8,6,4,5,1,5,2,
68db6681efaeec64e5eb7249,3,16,13,12,15,12,14,13,8
68db6731efaeec64e5eb724a,9,4,2,2,2,1,2,2,
68db6a35efaeec64e5eb724c,5,3,2,2,1,,1,1,
68db6d49efaeec64e5eb724f,4,4,4,3,3,1,2,1,1
68db6e0befaeec64e5eb7250,0,,,,,,,,
68db74d5efaeec64e5eb7259,22,1,1,1,1,,,,
68db7616efaeec64e5eb725c,7,9,7,7,8,2,3,3,1
68db78eeefaeec64e5eb7263,16,8,8,8,8,,,,
68db7ddbefaeec64e5eb7269,11,1,1,1,1,,,,
68db7f49efaeec64e5eb726c,2,12,10,5,9,5,8,6,3
68db83fcefaeec64e5eb7275,6,9,6,6,5,1,3,3,
68db85afefaeec64e5eb727b,2,2,2,2,2,,,,
68db8684efaeec64e5eb727d,8,7,4,4,5,4,5,5,
68db870fefaeec64e5eb727f,24,2,2,1,1,,1,,
68db8fe7efaeec64e5eb7292,4,26,23,17,25,18,19,19,8
68db9029efaeec64e5eb7293,1,7,3,5,4,2,3,4,
68db9064efaeec64e5eb7294,9,16,15,9,16,7,9,8,5
68db9561efaeec64e5eb7297,4,3,2,1,2,1,2,1,
68db9a1aefaeec64e5eb729d,12,4,3,2,3,2,3,2,
68db9a5defaeec64e5eb729e,0,10,7,4,6,3,6,4,2
68dba3b6efaeec64e5eb72a7,8,8,6,7,8,6,6,6,6
68dba451efaeec64e5eb72a9,27,1,1,1,1,,,,
68dba47aefaeec64e5eb72aa,12,7,4,4,5,4,5,5,
68dba5c5efaeec64e5eb72ac,1,5,2,2,4,2,3,3,
68dbab3fefaeec64e5eb72b5,29,8,7,7,9,1,1,1,
68dbab85efaeec64e5eb72b6,1,27,23,22,26,7,12,10,7
68dbab9befaeec64e5eb72b7,13,7,4,5,5,2,3,3,
68dbad63efaeec64e5eb72ba,13,2,2,2,2,,,,
68dbc513efaeec64e5eb72c1,22,6,6,6,6,1,,1,1
68dbc56befaeec64e5eb72c2,1,7,4,5,7,2,3,3,
68dbd2d6efaeec64e5eb72c7,3,7,5,4,5,2,3,3,2
68dbda74efaeec64e5eb72ca,18,2,2,1,2,1,1,1,
68dc07f9efaeec64e5eb72ce,15,,,,,,,,
68dc2c8cefaeec64e5eb72d2,5,3,3,3,4,2,2,2,1
68dc3916efaeec64e5eb72d6,2,4,2,2,3,1,2,2,
68dc3d78efaeec64e5eb72da,5,6,6,6,6,4,4,4,
68dc4103efaeec64e5eb72e3,14,2,2,2,2,,,,
68dc4872efaeec64e5eb72eb,6,18,18,11,12,2,8,2,1
68dc48c4efaeec64e5eb72ec,8,6,4,3,5,2,3,2,
68dc4b9cefaeec64e5eb72ed,9,6,6,4,5,1,2,1,
68dc4bb1efaeec64e5eb72ee,10,13,13,12,15,7,8,7,7
68dc4d6defaeec64e5eb72f6,15,2,2,2,2,,,,
68dc50eaefaeec64e5eb72ff,5,10,7,9,10,5,5,5,
68dc5201efaeec64e5eb7305,14,1,1,1,1,,,,
68dc5564efaeec64e5eb7312,4,3,3,3,3,,,,
68dc5571efaeec64e5eb7313,2,11,9,6,10,7,9,7,2
68dc5584efaeec64e5eb7315,3,10,8,8,8,1,2,2,
68dc56f8efaeec64e5eb731c,13,7,7,3,5,,4,,
68dc5842efaeec64e5eb7323,6,6,5,4,6,4,4,4,1
68dc5852efaeec64e5eb7324,11,10,4,7,8,6,8,6,
68dc58c9efaeec64e5eb7326,14,4,3,3,2,,1,1,
68dc58deefaeec64e5eb7328,20,16,16,15,15,5,7,5,4
68dc58e0efaeec64e5eb7329,3,17,16,14,16,10,14,9,6
68dc5b42efaeec64e5eb7332,13,3,3,3,3,,,,
68dc5c98efaeec64e5eb7335,15,2,2,2,2,,,,
68dc5d29efaeec64e5eb7336,9,4,4,3,3,,1,,
68dc5e67efaeec64e5eb733b,15,5,5,5,5,,,,
68dc5eebefaeec64e5eb733d,12,8,5,5,6,3,4,4,
68dc5fc6efaeec64e5eb7341,21,5,4,3,5,2,2,2,
68dc607befaeec64e5eb7346,24,4,4,2,3,2,3,2,
68dc61d9efaeec64e5eb734b,6,10,9,8,9,1,2,1,
68dc6213efaeec64e5eb734c,6,7,7,2,3,,5,,
68dc6297efaeec64e5eb734e,20,1,1,1,1,,,,
68dc6469efaeec64e5eb7354,2,4,3,3,4,3,3,3,
68dc64e3efaeec64e5eb7356,11,2,2,2,2,,,,
68dc6524efaeec64e5eb7357,5,7,4,5,5,1,2,3,
68dc6535efaeec64e5eb7358,6,14,14,11,11,,3,,
68dc67bfefaeec64e5eb7362,15,6,4,4,4,2,3,3,2
68dc6876efaeec64e5eb7366,18,6,5,5,4,,1,1,
68dc6967efaeec64e5eb7369,14,14,14,7,12,4,9,4,2
68dc6aecefaeec64e5eb736d,5,1,1,1,1,,,,
68dc6c98efaeec64e5eb736e,4,3,2,2,4,2,2,2,1
68dc6deeefaeec64e5eb7372,9,7,5,3,3,2,5,3,1
68dc7bb3efaeec64e5eb737a,14,3,3,3,3,1,1,1,
68dc7c42efaeec64e5eb737d,5,1,1,1,1,,,,
68dc7df3efaeec64e5eb7380,6,5,3,4,3,1,2,2,
68dc7f2befaeec64e5eb7384,30,32,31,28,26,22,27,21,20
68dc807befaeec64e5eb7386,5,2,2,2,2,1,1,1,
68dc8231efaeec64e5eb7388,13,6,5,5,4,1,2,2,
68dc8465efaeec64e5eb738a,7,6,5,4,6,4,5,4,3
68dc8530efaeec64e5eb738d,20,4,4,1,1,,3,,
68dc8625efaeec64e5eb7391,6,4,3,3,2,,1,1,
68dc87a3efaeec64e5eb7395,3,12,7,9,11,8,9,10,5
68dc8889efaeec64e5eb7396,5,1,1,1,1,,,,
68dc88daefaeec64e5eb7397,0,,,,,,,,
68dc8c67efaeec64e5eb739d,0,,,,,,,,
68dc8f49efaeec64e5eb73a9,11,6,5,5,6,1,1,1,3
68dc8faeefaeec64e5eb73ab,6,1,1,1,1,,,,
68dc918cefaeec64e5eb73ae,2,5,3,3,3,1,2,2,
68dc92f4efaeec64e5eb73b4,4,,,,,,,,
68dc92f7efaeec64e5eb73b5,6,6,6,6,6,,,,
68dc993fefaeec64e5eb73c0,2,10,7,9,6,2,3,5,2
68dc9ce8efaeec64e5eb73c8,2,16,13,4,9,7,13,8,
68dc9e0defaeec64e5eb73cd,4,8,5,5,5,2,4,3,
68dc9e10efaeec64e5eb73ce,6,4,4,4,4,2,2,2,
68dc9f5cefaeec64e5eb73d3,32,4,4,4,4,1,1,1,
68dc9f7aefaeec64e5eb73d5,3,6,6,6,6,4,4,4,
68dc9feaefaeec64e5eb73d6,8,6,5,3,5,3,4,3,1
68dca18defaeec64e5eb73da,4,9,6,3,6,3,6,4,
68dcab2fefaeec64e5eb73e5,19,6,6,3,4,2,4,2,2
68dcb27eefaeec64e5eb73f3,13,25,23,17,19,4,10,4,2
68dcb2d1efaeec64e5eb73f4,2,15,9,13,13,6,7,7,
68dcb322efaeec64e5eb73f6,2,9,7,5,7,2,4,3,1
68dcb3cbefaeec64e5eb73f8,16,5,5,5,5,3,3,3,
68dcb54aefaeec64e5eb73fb,5,14,10,9,12,8,10,8,
68dcb793efaeec64e5eb7407,10,2,2,2,2,,,,
68dcb7d3efaeec64e5eb7409,1,1,1,1,1,,,,
68dcb8d4efaeec64e5eb740a,11,1,1,1,1,,,,
68dcb8e2efaeec64e5eb740b,4,6,4,3,5,1,3,2,5
68dcbce7efaeec64e5eb7412,3,3,3,2,2,,1,,
68dcbd0cefaeec64e5eb7413,20,5,4,4,5,1,1,1,
68dcbdb7efaeec64e5eb7415,3,10,9,7,8,4,6,4,1
68dcbdeaefaeec64e5eb7417,11,3,3,3,3,2,2,2,
68dcbfd5efaeec64e5eb7419,4,5,2,3,3,2,3,3,
68dcbffaefaeec64e5eb741a,8,5,5,4,8,3,3,3,2
68dcc945efaeec64e5eb7420,6,12,12,6,8,2,6,2,
68dcd238efaeec64e5eb742b,6,2,2,2,2,,,,
68dcd421efaeec64e5eb7431,11,9,9,8,8,1,2,1,1
68dcd8aaefaeec64e5eb7439,4,8,7,6,5,2,4,3,
68dcdb40efaeec64e5eb743d,8,1,1,1,1,,,,
68dcdbc6efaeec64e5eb743e,5,4,3,2,1,,2,1,
68dce6c2efaeec64e5eb744a,7,17,15,12,12,9,13,10,1
68dce7e9efaeec64e5eb744c,6,16,12,10,12,9,12,10,6
68dce82fefaeec64e5eb744d,8,1,1,1,1,,,,
68dcee4defaeec64e5eb7455,1,2,2,1,1,,,,
68dcf2c3efaeec64e5eb745a,4,11,9,6,8,3,6,4,1
68dcf32befaeec64e5eb745c,9,2,2,2,2,,,,
68dcf44aefaeec64e5eb745f,4,4,4,4,4,1,1,1,1
68dcf5f7efaeec64e5eb7461,7,5,5,5,5,4,4,4,4
68dcf95eefaeec64e5eb7463,2,1,1,1,1,,,,
68dcf98eefaeec64e5eb7464,17,4,4,4,4,,,,
68dcff2aefaeec64e5eb746a,7,24,18,18,19,15,18,18,11
68dd0057efaeec64e5eb746d,11,7,5,4,8,4,4,4,
68dd0146efaeec64e5eb746e,0,1,1,1,1,,,,
68dd0432efaeec64e5eb7471,19,2,2,2,2,,,,
68dd077eefaeec64e5eb7477,4,26,23,21,23,7,9,8,
68dd0e02efaeec64e5eb7483,3,11,6,6,9,6,8,7,1
68dd1103efaeec64e5eb7485,1,6,5,4,5,2,3,3,1
68dd1373efaeec64e5eb7489,17,2,2,2,2,,,,
68dd182befaeec64e5eb748d,6,2,2,2,2,,,,
68dd191fefaeec64e5eb748f,4,1,1,1,1,,,,
68dd1dbfefaeec64e5eb7492,16,1,1,1,1,,,,
68dd6aedefaeec64e5eb7497,7,8,6,6,4,1,3,3,1
68dd84dbefaeec64e5eb749c,54,1,1,1,1,,,,
68dd8922efaeec64e5eb74a0,3,10,6,6,6,4,6,6,1
68dd8abdefaeec64e5eb74a1,8,26,25,22,23,4,7,5,
68dd96d2efaeec64e5eb74ac,8,6,5,6,5,2,2,3,3
68dd9843efaeec64e5eb74ad,3,10,8,8,8,1,2,2,
68dd986befaeec64e5eb74ae,8,5,5,4,4,,1,,
68dd9c73efaeec64e5eb74b9,6,6,5,4,3,,2,1,
68dd9ebdefaeec64e5eb74bd,3,15,12,9,14,4,8,6,
68dda004efaeec64e5eb74be,8,1,1,1,1,,,,
68dda164efaeec64e5eb74c1,15,6,5,5,6,1,1,1,
68dda4a7efaeec64e5eb74c5,9,3,3,2,2,,1,,
68ddaee5efaeec64e5eb74d8,15,7,6,5,5,1,3,2,
68ddaeefefaeec64e5eb74da,5,5,5,5,4,,,,1
68ddb267efaeec64e5eb74e0,8,4,4,4,4,2,2,2,1
68ddb74cefaeec64e5eb74e5,5,32,31,29,33,18,24,20,7
68ddbd50efaeec64e5eb74e7,18,1,1,1,1,,,,
68ddbe83efaeec64e5eb74e9,12,1,1,1,1,,,,
68ddbe87efaeec64e5eb74ea,22,1,1,1,1,,,,
68ddc547efaeec64e5eb74ed,1,7,5,4,5,1,3,2,1
68ddc828efaeec64e5eb74f0,63,1,1,1,1,,,,
68ddce5aefaeec64e5eb74f4,1,8,4,6,6,3,4,4,1
68ddd2c3efaeec64e5eb74fb,2,8,6,5,8,1,3,2,4
68ddd411efaeec64e5eb74fe,19,13,12,12,11,1,2,2,1
68ddd922efaeec64e5eb7503,12,7,7,4,7,4,4,4,
68ddda2aefaeec64e5eb7505,37,3,3,3,3,,,,
68dddad1efaeec64e5eb7507,8,3,3,1,2,1,2,1,
68dddc03efaeec64e5eb750b,21,1,1,1,1,,,,
68dddd82efaeec64e5eb750d,9,1,1,1,1,,,,
68dddf1aefaeec64e5eb7510,18,1,1,1,1,,,,
68dde124efaeec64e5eb7515,5,4,4,2,3,1,3,1,1
68dde127efaeec64e5eb7516,13,2,2,2,2,,,,
68dde302efaeec64e5eb7520,6,7,6,6,6,3,4,4,3
68dde322efaeec64e5eb7522,26,4,4,4,5,3,3,3,1
68dde3bcefaeec64e5eb7523,7,5,5,3,3,,2,,
68dde503efaeec64e5eb7527,10,7,4,4,4,2,4,3,
68dde521efaeec64e5eb7528,3,7,4,3,5,4,5,5,2
68dde5fcefaeec64e5eb752d,6,6,4,4,4,2,3,3,
68dde5feefaeec64e5eb752e,0,19,19,11,13,5,14,6,8
68dde697efaeec64e5eb7530,4,3,3,3,3,,,,
68ddeb92efaeec64e5eb753f,14,2,2,2,2,,,,
68ddeca3efaeec64e5eb7541,4,3,2,2,3,1,1,1,
68ddeca6efaeec64e5eb7542,5,1,1,1,1,,,,
68dded9fefaeec64e5eb7544,4,9,8,6,9,6,6,6,
68ddeda8efaeec64e5eb7545,3,12,12,11,11,9,10,9,4
68ddedc3efaeec64e5eb7546,3,7,5,5,5,1,2,2,
68ddf0c1efaeec64e5eb754a,7,2,2,2,2,1,1,1,
68ddf4f0efaeec64e5eb7551,7,2,2,2,2,1,1,1,
68ddf69a2c48416419f4a76a,5,7,5,5,5,2,3,3,1
68ddf9b92c48416419f4a779,4,5,4,4,3,,1,1,
68ddfcc12c48416419f4a783,0,11,8,7,8,3,7,5,5
68ddfda72c48416419f4a787,6,1,1,1,1,,,,
68ddfec02c48416419f4a78a,21,1,1,1,1,,,,
68ddff8f2c48416419f4a78f,8,5,3,3,3,1,2,2,
68de001e2c48416419f4a791,21,3,3,3,3,,,,
68de01092c48416419f4a794,8,6,6,4,4,,2,,
68de021e2c48416419f4a797,14,1,1,1,1,,,,
68de02f12c48416419f4a799,5,5,4,3,4,3,4,3,2
68de03c22c48416419f4a79b,9,1,1,1,1,,,,
68de04ef2c48416419f4a79e,11,5,3,3,3,2,3,3,1
68de09802c48416419f4a7a2,12,2,2,2,2,,,,
68de09ee2c48416419f4a7a3,9,5,4,4,3,,1,1,
68de0cd82c48416419f4a7a7,3,5,5,5,3,,,,
68de0cf92c48416419f4a7a8,3,6,5,3,4,1,3,1,
68de10572c48416419f4a7ae,8,10,10,9,9,1,2,1,
68de10a72c48416419f4a7b0,8,7,5,7,5,2,1,4,1
68de10bc2c48416419f4a7b1,3,6,4,5,3,,1,2,
68de14ec2c48416419f4a7b3,13,6,5,5,4,,1,1,
68de1e142c48416419f4a7bd,4,5,3,3,3,1,2,2,
68de22c42c48416419f4a7c1,3,4,3,3,2,,1,1,
68de29ec2c48416419f4a7c6,11,3,2,2,3,1,1,1,
68de2f022c48416419f4a7cd,0,1,1,1,1,,,,
68de32372c48416419f4a7d2,7,6,2,4,3,2,3,4,
68de35ec2c48416419f4a7d7,10,2,2,1,1,,1,,
68de36142c48416419f4a7d8,20,2,2,2,2,,,,
68de37792c48416419f4a7da,8,13,10,7,10,4,7,6,1
68de3db72c48416419f4a7e0,1,18,11,13,17,9,11,10,2
68de405e2c48416419f4a7e5,5,1,1,1,1,,,,
68de42e72c48416419f4a7e6,8,9,8,4,10,6,6,6,1
68de472c2c48416419f4a7f4,3,2,2,1,1,,1,,
68de47812c48416419f4a7f6,18,3,3,3,3,,,,
68de48b12c48416419f4a7fa,3,8,5,6,6,2,3,3,
68de48ee2c48416419f4a7fb,3,6,3,2,5,3,4,4,2
68de4f0b2c48416419f4a805,17,7,7,7,8,4,4,4,3
68de4f0e2c48416419f4a806,10,5,3,3,3,1,2,2,
68de504f2c48416419f4a808,5,1,1,1,1,,,,
68de518d2c48416419f4a80a,3,11,9,10,9,1,2,2,1
68de560d2c48416419f4a80f,13,6,3,3,2,1,3,3,
68de59a12c48416419f4a810,6,15,13,9,11,4,7,5,
68de62f02c48416419f4a816,6,4,4,4,5,2,2,2,2
68de63c42c48416419f4a817,15,,,,,,,,
68de65b82c48416419f4a818,0,8,4,6,7,5,6,6,2
68de667e2c48416419f4a81a,5,4,4,4,4,,,,
68de70ef2c48416419f4a823,6,2,2,2,2,,,,
68de7f872c48416419f4a828,25,6,6,5,5,4,5,4,4
68de85682c48416419f4a82a,7,5,5,5,5,1,,,
68debe142c48416419f4a82b,4,1,1,1,1,,,,
68ded2e42c48416419f4a82f,1,13,8,4,14,6,9,7,4
68dedb552c48416419f4a834,4,8,6,6,6,3,4,4,
68dedf492c48416419f4a838,18,8,8,6,7,2,4,2,3
68dee0112c48416419f4a83a,7,1,1,1,1,,,,
68dee0132c48416419f4a83b,8,6,5,3,5,3,4,3,
68dee2bc2c48416419f4a83d,4,1,1,1,,1,1,,
68dee5382c48416419f4a841,4,10,8,8,9,1,2,2,
68dee58d2c48416419f4a842,9,6,5,5,4,,1,1,
68dee6722c48416419f4a846,4,5,4,2,5,3,4,3,1
68deed462c48416419f4a84a,4,17,13,13,14,7,8,8,5
68def3c72c48416419f4a851,10,5,3,4,3,1,2,2,
68df016c2c48416419f4a859,4,13,13,11,11,8,10,8,5
68df14652c48416419f4a85a,11,,,,,,,,
68df1f8d2c48416419f4a861,7,10,7,5,9,5,7,6,2
68df20642c48416419f4a862,9,5,2,4,4,2,2,4,1
68df22692c48416419f4a864,17,2,2,2,2,,,,
68df32022c48416419f4a872,11,10,8,7,5,1,6,3,4
68df378f2c48416419f4a879,22,1,1,1,1,,,,
68df38762c48416419f4a87d,1,5,3,4,5,3,3,4,1
68df3a0b2c48416419f4a881,8,9,9,9,9,1,1,1,1
68df3f7e2c48416419f4a887,5,4,4,4,4,1,1,1,
68df43e22c48416419f4a88d,7,3,3,3,3,,,,
68df458e2c48416419f4a891,23,18,13,16,13,11,12,15,6
68df45db2c48416419f4a892,3,10,8,7,8,4,6,5,2
68df483f2c48416419f4a894,4,11,11,11,11,1,1,,2
68df4c8e2c48416419f4a89a,8,8,4,5,4,2,3,5,
68df50332c48416419f4a89e,8,7,5,6,5,,1,2,
68df50382c48416419f4a89f,5,12,9,7,10,6,7,7,
68df52c12c48416419f4a8a4,4,2,2,1,3,1,1,1,
68df5c622c48416419f4a8ab,2,11,8,5,5,2,6,4,2
68df5d062c48416419f4a8ac,2,14,14,12,14,9,12,9,10
68df5e9d2c48416419f4a8ad,7,8,8,7,8,3,3,3,
68df70212c48416419f4a8bf,6,2,2,1,1,,1,,
68df70e62c48416419f4a8c0,2,12,7,7,9,4,5,6,
68df7beb2c48416419f4a8c9,4,3,2,2,1,,1,1,
68df7c322c48416419f4a8ca,21,9,4,7,9,7,7,7,
68df7e602c48416419f4a8ce,4,4,3,3,4,2,2,2,
68df81842c48416419f4a8d2,3,3,3,1,1,,2,,
68df82792c48416419f4a8d3,15,3,3,2,2,,1,,
68df84f82c48416419f4a8d4,17,10,9,5,4,,5,1,
68df87bf2c48416419f4a8d6,3,10,3,8,6,3,4,7,
68df911f2c48416419f4a8dd,5,9,6,6,7,3,4,4,
68df926e2c48416419f4a8de,2,23,14,15,19,9,13,12,9
68dfa75a2c48416419f4a8ee,4,7,6,5,5,1,3,2,2
68dfa7802c48416419f4a8ef,0,6,4,4,4,2,3,3,1
68dfa79a2c48416419f4a8f0,3,4,2,2,2,1,2,2,
68dfb0f02c48416419f4a8f5,4,9,6,6,7,6,7,7,4
68dfbaea2c48416419f4a900,21,8,8,8,7,,1,1,1
68dfbaef2c48416419f4a901,8,1,1,1,1,,,,
68dfbdb52c48416419f4a904,3,5,3,3,4,2,3,3,
68dfca3e2c48416419f4a909,9,4,4,3,3,1,2,1,
68dfce352c48416419f4a90a,8,4,4,4,4,2,2,2,
68e03b392c48416419f4a917,2,6,5,3,5,3,4,3,
68e03c7b2c48416419f4a919,20,6,6,6,6,,,,
68e041392c48416419f4a91c,4,12,10,6,10,5,6,6,1
68e041482c48416419f4a91d,10,10,10,6,8,4,7,4,4
68e046592c48416419f4a926,12,3,3,3,3,1,1,1,
68e0469c2c48416419f4a927,5,5,5,5,5,1,1,1,1
68e04b862c48416419f4a92c,8,9,8,7,6,,2,1,
68e04d452c48416419f4a92e,27,14,9,9,12,7,8,8,2
68e04ec12c48416419f4a930,5,4,3,3,2,,1,1,
68e0500e2c48416419f4a933,15,4,4,4,4,1,1,1,
68e051fa2c48416419f4a935,3,8,5,5,5,2,4,4,1
68e052522c48416419f4a937,4,3,2,2,1,,1,1,
68e05f592c48416419f4a93f,7,1,1,1,1,,,,
68e065942c48416419f4a942,32,5,2,3,2,1,2,3,1
68e071852c48416419f4a94c,4,9,7,6,7,3,5,4,2
68e074042c48416419f4a94e,4,10,7,6,12,5,6,6,3
68e074132c48416419f4a94f,23,2,2,2,2,,,,
68e074602c48416419f4a951,3,4,2,2,2,1,2,2,
68e076df2c48416419f4a953,6,6,3,4,3,1,2,3,
68e07c482c48416419f4a960,4,7,4,5,4,2,3,4,
68e07fe82c48416419f4a96d,8,1,1,1,1,,,,
68e07ff82c48416419f4a96e,5,8,7,5,5,2,4,3,
68e080152c48416419f4a96f,9,3,3,2,3,1,1,1,
68e080d22c48416419f4a971,13,3,3,2,3,1,1,1,
68e083d42c48416419f4a979,3,3,3,3,3,,,,
68e084232c48416419f4a97b,6,5,4,4,3,,1,1,
68e084f92c48416419f4a97c,3,5,4,5,5,1,1,2,1
68e085ea2c48416419f4a97f,2,8,6,4,4,3,5,4,
68e086af2c48416419f4a981,1,11,9,9,9,6,7,7,4
68e087142c48416419f4a983,1,5,4,4,6,1,2,2,2
68e08a6b2c48416419f4a987,20,5,4,2,4,2,3,2,
68e08acd2c48416419f4a98a,18,6,6,6,6,2,2,2,
68e092472c48416419f4a992,9,7,7,6,7,1,1,1,
68e0943e2c48416419f4a997,9,18,12,12,12,8,12,11,1
68e0964d2c48416419f4a99d,7,5,5,5,6,3,3,3,1
68e097d82c48416419f4a99e,10,4,4,4,4,1,1,,
68e099352c48416419f4a9a1,12,1,1,1,1,,,,
68e09d482c48416419f4a9a7,6,3,2,2,1,,1,1,
68e09fec2c48416419f4a9a9,4,15,9,10,10,4,6,7,2
68e0a2842c48416419f4a9ae,31,6,6,6,6,2,2,2,1
68e0a7762c48416419f4a9b4,3,9,5,4,5,3,5,5,
68e0a85a2c48416419f4a9b5,3,1,1,1,1,,,,
68e0ad742c48416419f4a9bb,1,4,4,4,4,3,3,3,3
68e0b14b2c48416419f4a9c2,6,2,2,2,2,,,,
68e0b6442c48416419f4a9c8,22,1,1,1,1,,,,
68e0b8342c48416419f4a9cd,17,8,8,7,7,1,2,1,1
68e0bb742c48416419f4a9d3,8,1,1,1,1,,,,
68e0bb9a2c48416419f4a9d4,5,11,8,8,8,4,5,6,
68e0bcd52c48416419f4a9d6,9,2,2,2,2,,,,
68e0bd682c48416419f4a9d7,5,7,6,5,6,2,3,2,
68e0be512c48416419f4a9db,4,6,6,5,6,1,1,1,
68e0be902c48416419f4a9dc,8,1,1,1,1,,,,
68e0bed02c48416419f4a9dd,0,4,4,4,5,3,3,3,3
68e0c4d62c48416419f4a9e9,15,7,5,4,4,1,3,2,
68e0c6492c48416419f4a9ec,8,1,1,1,1,,,,
68e0c7052c48416419f4a9ed,4,7,4,4,5,2,3,3,
68e0cb0e2c48416419f4a9fa,3,5,5,5,5,,,,
68e0cbbd2c48416419f4a9fc,7,6,4,4,4,1,2,2,
68e0cc7a2c48416419f4a9ff,3,7,5,5,4,1,2,3,
68e0cfb72c48416419f4aa08,7,3,3,1,1,,2,,
68e0cfc92c48416419f4aa0a,9,1,1,1,1,,,,
68e0d0622c48416419f4aa0c,10,9,9,9,9,,,,
68e0d1642c48416419f4aa10,5,6,4,3,3,1,3,2,
68e0d3262c48416419f4aa14,2,7,5,4,5,3,5,4,2
68e0d38c2c48416419f4aa16,16,3,3,3,3,,,,
68e0d5692c48416419f4aa1a,13,4,4,3,4,3,3,3,
68e0d6d82c48416419f4aa1d,32,1,1,1,1,,,,
68e0deaa2c48416419f4aa28,3,3,3,1,4,2,2,2,
68e0dff32c48416419f4aa2b,6,,,,,,,,
68e0e3e72c48416419f4aa34,13,5,5,5,5,,,,
68e0e52c2c48416419f4aa37,15,12,8,12,11,7,7,8,3
68e0e6c32c48416419f4aa3d,4,5,5,5,5,2,2,2,
68e0e7ee2c48416419f4aa3f,6,10,6,2,9,7,8,7,
68e0ec8c2c48416419f4aa46,0,15,9,9,10,3,6,6,1
68e0eceb2c48416419f4aa47,11,,,,,,,,
68e0ede62c48416419f4aa4b,8,4,3,3,2,,1,1,
68e0efb72c48416419f4aa4e,1,17,11,14,13,8,9,12,6
68e0f3da2c48416419f4aa58,9,5,4,4,3,,1,1,
68e0f4d92c48416419f4aa59,8,14,11,10,9,3,6,5,2
68e0f5ed2c48416419f4aa5a,3,13,10,4,6,3,9,5,
68e0f7d82c48416419f4aa5e,3,3,3,2,3,1,1,1,
68e0f8582c48416419f4aa5f,8,9,6,6,8,3,4,4,1
68e0f8b32c48416419f4aa61,12,2,2,1,1,,1,,
68e0f93e2c48416419f4aa62,7,5,3,3,3,1,2,2,
68e0f99d2c48416419f4aa63,6,6,6,6,6,1,1,1,
68e0fc022c48416419f4aa66,7,6,6,5,8,4,5,4,1
68e0fc792c48416419f4aa67,1,6,5,4,7,3,3,3,1
68e101d72c48416419f4aa6c,9,1,1,1,1,,,,
68e102f22c48416419f4aa70,2,1,1,1,1,,,,
68e104452c48416419f4aa72,8,5,3,3,3,1,2,2,
68e109c12c48416419f4aa75,3,26,24,20,26,20,22,20,17
68e10f922c48416419f4aa7a,5,3,3,3,3,,,,
68e112372c48416419f4aa7b,16,56,50,43,48,35,42,36,34
68e113ed2c48416419f4aa7d,13,12,10,9,9,1,3,2,
68e127672c48416419f4aa82,1,1,1,1,1,,,,
68e144b02c48416419f4aa88,2,9,8,8,10,1,2,2,
68e149522c48416419f4aa8a,11,1,1,1,1,,,,
68e1635e2c48416419f4aa8e,2,6,6,5,5,2,3,2,1
68e168182c48416419f4aa8f,4,1,1,1,1,,,,
68e1783b2c48416419f4aa92,6,7,5,4,5,2,4,3,
68e1909e2c48416419f4aa9b,0,1,1,1,1,,,,
68e195172c48416419f4aa9e,8,4,3,3,6,2,2,2,
68e1a1182c48416419f4aaa6,8,5,4,4,8,1,1,1,2
68e1a4912c48416419f4aaa7,5,8,7,8,9,3,3,2,3
68e1a9ab2c48416419f4aaad,3,8,5,5,6,3,4,4,2
68e1ada02c48416419f4aab6,3,7,6,5,6,2,3,2,
68e1ae7c2c48416419f4aab7,12,3,2,2,1,,1,1,
68e1af422c48416419f4aab8,3,3,3,2,2,,1,,
68e1b02d2c48416419f4aabd,4,1,1,1,1,,,,
68e1b3832c48416419f4aac2,0,14,5,12,8,5,7,10,3
68e1b7db2c48416419f4aac7,2,,,,,,,,
68e1b7e12c48416419f4aac8,8,5,4,4,7,2,2,2,2
68e1b9382c48416419f4aacb,6,1,1,1,1,,,,
68e1b9642c48416419f4aacc,3,5,5,1,5,4,4,4,
68e1bd672c48416419f4aad2,4,3,2,2,1,,1,1,
68e1bda32c48416419f4aad4,1,6,4,2,4,2,4,3,1
68e1be352c48416419f4aad5,4,6,6,5,5,,1,,
68e1c0972c48416419f4aad7,11,2,2,2,2,,,,
68e1c7012c48416419f4aae2,7,6,4,3,4,2,3,3,
68e1c7f62c48416419f4aae6,21,1,1,1,1,,,,
68e1cae02c48416419f4aaf0,5,7,6,6,5,3,4,4,3
68e1caed2c48416419f4aaf1,17,4,4,2,3,1,3,1,1
68e1cd072c48416419f4aaf4,0,2,2,2,2,,,,
68e1cec02c48416419f4aaf8,3,5,5,5,6,2,2,2,1
68e1d1472c48416419f4aafe,4,7,6,7,7,3,3,3,3
68e1d3a62c48416419f4ab02,7,4,4,4,4,3,3,3,
68e1d4362c48416419f4ab07,18,9,7,7,7,4,5,5,
68e1d4782c48416419f4ab08,5,6,4,3,5,2,3,3,
68e1d4b52c48416419f4ab09,2,4,3,2,2,1,2,2,
68e1d5d92c48416419f4ab0b,5,8,7,7,8,4,4,3,2
68e1d7e42c48416419f4ab10,16,4,3,3,4,1,1,1,
68e1da9a2c48416419f4ab13,4,1,1,1,1,,,,
68e1db5a2c48416419f4ab16,1,7,5,5,5,1,2,2,
68e1dd2b2c48416419f4ab1b,5,13,12,11,11,,2,1,
68e1de8c2c48416419f4ab21,14,1,1,1,1,,,,
68e1dfec2c48416419f4ab25,2,9,7,5,6,2,4,3,
68e1e1ac2c48416419f4ab2a,9,3,3,3,3,,,,
68e1e1e82c48416419f4ab2b,2,24,22,21,22,11,12,12,6
68e1e20a2c48416419f4ab2c,4,6,3,5,3,2,3,4,
68e1e2622c48416419f4ab2d,4,1,1,1,1,,,,
68e1e32f2c48416419f4ab2f,3,7,5,5,5,2,3,3,
68e1e4342c48416419f4ab32,7,4,4,4,4,1,1,1,
68e1e6402c48416419f4ab36,3,6,4,4,5,2,3,3,1
68e1ea422c48416419f4ab3f,20,1,1,1,1,,,,
68e1eac82c48416419f4ab40,3,12,9,8,9,4,6,5,
68e1eace2c48416419f4ab41,2,10,7,6,6,1,4,3,
68e1ee672c48416419f4ab46,10,10,8,5,9,5,7,6,
68e1f02f2c48416419f4ab4d,6,8,5,5,4,1,3,3,
68e1f0572c48416419f4ab4e,13,4,4,4,4,,,,
68e1f1562c48416419f4ab51,4,15,11,12,12,3,7,6,1
68e1f23b2c48416419f4ab52,13,9,9,9,9,5,5,5,4
68e1f63d2c48416419f4ab59,5,7,4,4,4,3,4,5,
68e1fb062c48416419f4ab72,20,2,2,2,2,1,1,1,
68e1fb772c48416419f4ab73,24,4,4,4,4,1,1,1,1
68e1fd862c48416419f4ab79,4,18,17,16,16,6,9,7,6
68e1fe692c48416419f4ab7a,6,6,6,6,6,,,,
68e1fe702c48416419f4ab7b,16,11,11,11,11,9,9,9,3
68e1fea32c48416419f4ab7d,1,10,9,7,10,7,8,7,1
68e1ff4e2c48416419f4ab7f,16,3,3,1,2,1,2,1,
68e200c92c48416419f4ab81,11,8,5,5,6,2,3,3,
68e200f32c48416419f4ab82,7,1,1,1,1,,,,
68e201862c48416419f4ab85,6,18,13,16,12,5,7,10,7
68e202262c48416419f4ab86,2,2,2,2,2,,,,
68e204732c48416419f4ab8b,10,11,11,11,11,,,,
68e204e62c48416419f4ab8d,12,5,4,4,3,,1,1,
68e20ac82c48416419f4ab96,4,10,9,6,7,1,4,1,
68e211902c48416419f4aba1,6,,,,,,,,
68e212052c48416419f4aba4,20,16,14,15,13,,1,2,
68e213f02c48416419f4aba5,27,1,1,1,1,,,,
68e214ef2c48416419f4aba8,5,14,13,12,14,8,9,7,7
68e218c92c48416419f4abb1,5,1,1,1,1,,,,
68e21af52c48416419f4abb4,11,3,3,3,3,1,1,1,
68e21bd92c48416419f4abb6,13,4,4,4,4,1,1,1,
68e21d582c48416419f4abb7,8,6,6,6,6,,,,
68e221e52c48416419f4abbe,1,,,,,,,,
68e2239c2c48416419f4abc3,0,,,,,,,,
68e225162c48416419f4abca,16,9,7,6,7,2,3,3,
68e225cc2c48416419f4abcd,6,24,21,16,19,5,13,6,5
68e226cd2c48416419f4abd0,10,8,5,6,6,2,3,3,
68e22c6a2c48416419f4abdd,5,4,4,4,4,1,1,1,
68e22f1e2c48416419f4abe4,15,16,14,7,10,5,10,6,
68e22f3f2c48416419f4abe6,2,4,3,3,2,1,2,2,1
68e230772c48416419f4abea,8,5,5,4,4,,1,,
68e231392c48416419f4abed,3,19,15,15,17,8,9,9,3
68e233712c48416419f4abf0,4,7,6,3,8,2,5,3,1
68e233962c48416419f4abf1,2,4,4,3,3,,1,,
68e233a62c48416419f4abf2,17,2,2,2,2,1,1,,1
68e235ba2c48416419f4abf5,10,,,,,,,,
68e235ce2c48416419f4abf6,17,4,4,4,4,,,,
68e236052c48416419f4abf7,7,1,1,1,1,,,,
68e237e22c48416419f4abfb,12,1,1,1,1,,,,
68e23e052c48416419f4ac0d,7,8,8,7,7,3,4,4,2
68e23e8c2c48416419f4ac0e,15,9,7,7,5,1,3,3,
68e240bb2c48416419f4ac0f,12,6,4,5,4,2,3,3,
68e245db2c48416419f4ac16,9,1,1,1,1,,,,
68e246452c48416419f4ac17,6,2,2,2,2,,,,
68e248b92c48416419f4ac22,3,8,5,3,7,4,5,4,
68e249f72c48416419f4ac27,3,2,2,2,2,,,,
68e24a4f2c48416419f4ac29,3,1,1,1,1,,,,
68e24c9c2c48416419f4ac2f,13,1,1,1,1,,,,
68e24d962c48416419f4ac31,17,1,1,1,1,,,,
68e24f5b2c48416419f4ac35,10,,,,,,,,
68e24f702c48416419f4ac36,2,8,6,5,6,2,3,3,
68e2527d2c48416419f4ac3e,18,3,3,3,3,,,,
68e254142c48416419f4ac41,12,3,3,2,2,,1,,
68e254342c48416419f4ac42,16,1,1,1,1,,,,
68e254bc2c48416419f4ac44,3,7,5,5,6,3,4,4,2
68e257202c48416419f4ac48,0,,,,,,,,
68e259562c48416419f4ac4e,2,4,3,4,4,2,2,3,3
68e25c9a2c48416419f4ac55,18,10,9,7,9,2,4,2,
68e25ce92c48416419f4ac56,6,2,2,2,2,,,,
68e25e202c48416419f4ac5a,9,11,8,8,8,4,5,6,
68e2628d2c48416419f4ac65,7,4,2,2,2,1,2,2,
68e263672c48416419f4ac67,14,,,,,,,,
68e267d42c48416419f4ac6a,3,1,1,1,1,,,,
68e2681b2c48416419f4ac6b,4,7,7,7,7,2,1,2,1
68e26b8f2c48416419f4ac6e,10,3,3,1,2,1,2,1,
68e26c7b2c48416419f4ac70,33,5,4,5,4,2,2,3,1
68e26d032c48416419f4ac71,0,,,,,,,,
68e276e22c48416419f4ac78,4,13,12,11,12,5,6,5,9
68e284bb2c48416419f4ac81,4,9,6,5,7,3,5,4,1
68e287282c48416419f4ac82,2,1,1,1,1,,,,
68e290252c48416419f4ac87,0,1,1,1,1,,,,
68e2a5402c48416419f4ac8a,4,10,10,3,12,7,7,7,
68e2c28c2c48416419f4ac90,23,1,1,1,1,,,,
68e2c9372c48416419f4ac91,4,5,2,3,3,2,3,3,
68e2d29b2c48416419f4ac98,3,3,3,2,2,,1,,
68e2d4562c48416419f4ac9a,10,1,1,1,1,,,,
68e2da5c2c48416419f4aca2,0,,,,,,,,
68e2de322c48416419f4aca9,5,1,1,1,1,,,,
68e2ded22c48416419f4acaa,4,1,1,1,1,,,,
68e2dfa92c48416419f4acad,30,1,1,1,1,,,,
68e2dfd72c48416419f4acae,4,6,4,4,4,1,2,2,
68e2e11a2c48416419f4acb4,7,1,1,1,1,,,,
68e2e2542c48416419f4acb7,11,1,1,1,1,,,,
68e2e2552c48416419f4acb8,3,3,2,3,2,,,1,
68e2e2622c48416419f4acb9,5,8,5,5,6,4,5,5,
68e2e35e2c48416419f4acbd,2,2,2,2,2,,,,
68e2e3e02c48416419f4acbe,4,,,,,,,,
68e2e3ea2c48416419f4acbf,9,7,7,6,6,1,2,1,
68e2e96a2c48416419f4acd0,8,9,5,7,5,2,3,5,1
68e2eae72c48416419f4acd2,10,3,3,2,2,,1,,
68e2ebb22c48416419f4acd3,9,7,7,7,7,,,,1
68e2ee1f2c48416419f4acd8,4,7,6,5,6,2,3,2,
68e2efd42c48416419f4acde,12,1,1,1,1,,,,
68e2f3972c48416419f4acee,22,5,5,4,4,,1,,
68e2f4922c48416419f4acf0,8,2,2,2,3,,,,
68e2f68a2c48416419f4acf3,4,15,13,7,11,5,10,4,1
68e2f6bc2c48416419f4acf4,14,7,5,5,6,4,5,4,
68e2f6ed2c48416419f4acf6,3,9,6,6,9,4,5,5,1
68e2f7502c48416419f4acf7,4,1,1,1,1,,,,
68e2f9c52c48416419f4acfd,0,,,,,,,,
68e2fcd62c48416419f4ad04,15,10,10,8,8,4,6,3,3
68e3001c2c48416419f4ad09,9,7,4,5,5,4,5,5,2
68e3013b2c48416419f4ad0e,14,1,1,1,1,,,,
68e3013d2c48416419f4ad0f,1,5,4,2,4,2,3,2,
68e301f22c48416419f4ad10,21,1,1,1,1,,,,
68e304132c48416419f4ad1b,7,1,1,1,1,,,,
68e305aa2c48416419f4ad1e,2,27,27,23,24,13,20,13,11
68e305ee2c48416419f4ad20,1,,,,,,,,
68e306112c48416419f4ad22,7,1,1,1,1,,,,
68e3078f2c48416419f4ad28,8,6,6,2,3,1,4,1,
68e307c72c48416419f4ad29,4,5,2,2,3,2,3,3,
68e3081b2c48416419f4ad2d,0,7,7,7,7,3,3,2,1
68e308d12c48416419f4ad32,4,4,4,4,4,2,2,2,
68e309412c48416419f4ad36,1,1,1,1,1,,,,
68e30a1a2c48416419f4ad39,0,3,2,2,1,,1,1,
68e30aa62c48416419f4ad3b,7,1,1,1,1,,,,
68e30b902c48416419f4ad3f,1,1,1,1,1,,,,
68e30ba62c48416419f4ad40,8,,,,,,,,
68e30d062c48416419f4ad4a,0,,,,,,,,
68e30d7a2c48416419f4ad4b,0,,,,,,,,
68e30e322c48416419f4ad52,8,1,1,1,1,,,,
68e30f882c48416419f4ad57,1,6,3,4,3,1,2,3,
68e311502c48416419f4ad5e,1,4,2,2,3,1,2,2,1
68e3116e2c48416419f4ad5f,2,4,2,2,2,1,2,2,
68e311902c48416419f4ad60,5,7,3,3,3,2,4,4,2
68e311f32c48416419f4ad62,4,4,3,3,2,1,2,2,1
68e312ae2c48416419f4ad67,0,1,1,1,1,,,,
68e312dc2c48416419f4ad68,5,18,14,10,12,2,7,3,3
68e314892c48416419f4ad73,8,1,1,1,1,,,,
68e315022c48416419f4ad75,4,6,4,2,3,2,4,3,
68e316372c48416419f4ad79,5,2,2,2,2,,,,
68e3164d2c48416419f4ad7a,2,10,8,7,8,2,3,3,
68e3166e2c48416419f4ad7b,1,13,11,7,11,3,7,4,2
68e3167f2c48416419f4ad7c,2,8,5,5,6,5,6,6,
68e317292c48416419f4ad7d,5,1,1,1,1,,,,
68e317d92c48416419f4ad7f,0,20,19,19,20,5,6,6,5
68e3190c2c48416419f4ad83,4,3,3,3,3,2,2,2,
68e319ad2c48416419f4ad85,3,7,7,6,6,,1,,
68e31c482c48416419f4ad8f,22,10,10,9,10,6,7,6,2
68e3200e2c48416419f4ad9d,31,1,1,1,1,,,,
68e323482c48416419f4ada2,29,,,,,,,,
68e323842c48416419f4ada3,3,13,12,8,14,9,11,11,4
68e323e52c48416419f4ada4,2,3,3,2,2,,1,,
68e325732c48416419f4ada5,2,5,5,3,3,1,3,1,1
68e329202c48416419f4adb6,0,1,1,1,1,,,,
68e32ce12c48416419f4adbe,7,1,1,1,1,,,,
68e32d1d2c48416419f4adc0,3,5,3,3,3,2,3,3,
68e32dda2c48416419f4adc3,4,3,3,3,3,,,,
68e32e2e2c48416419f4adc4,3,1,1,1,1,,,,
68e32e5c2c48416419f4adc5,4,1,1,1,1,,,,
68e32ec72c48416419f4adc6,20,3,3,3,3,,,,
68e32ed22c48416419f4adc7,12,4,4,4,4,,,,
68e330312c48416419f4adcc,5,27,24,15,21,12,18,13,6
68e332dd2c48416419f4add0,17,9,8,7,6,2,4,3,2
68e333bb2c48416419f4add5,8,5,5,5,5,1,1,1,
68e334d52c48416419f4add7,1,,,,,,,,
68e335102c48416419f4adda,2,9,8,8,7,4,5,5,5
68e335f52c48416419f4adde,4,8,6,6,6,3,4,4,1
68e336072c48416419f4addf,0,10,6,5,9,5,7,6,1
68e336342c48416419f4ade0,37,11,11,7,9,1,6,2,1
68e337f02c48416419f4ade7,10,9,7,5,7,4,6,4,2
68e33a532c48416419f4adf6,10,5,4,4,3,1,2,2,
68e33b202c48416419f4adfb,10,4,4,4,4,,,,
68e33b742c48416419f4adfe,21,,,,,,,,
68e33c852c48416419f4ae06,0,,,,,,,,
68e33d102c48416419f4ae09,11,5,3,2,4,2,3,2,
68e33d3a2c48416419f4ae0b,4,7,6,6,5,,1,1,
68e33e062c48416419f4ae11,2,13,11,9,11,6,8,7,4
68e33e5f2c48416419f4ae14,9,3,3,3,3,,,,
68e33ebd2c48416419f4ae16,13,1,1,1,1,,,,
68e33ee32c48416419f4ae19,12,1,1,1,1,,,,
68e33eec2c48416419f4ae1a,6,4,3,2,3,2,3,2,
68e340272c48416419f4ae1f,8,3,3,3,3,1,1,1,
68e340412c48416419f4ae20,5,5,3,4,3,1,2,2,
68e340752c48416419f4ae21,5,10,10,10,10,,,,
68e340762c48416419f4ae22,5,,,,,,,,
68e3407b2c48416419f4ae23,2,9,7,5,6,3,5,4,
68e3420d2c48416419f4ae27,7,,,,,,,,
68e342162c48416419f4ae29,2,,,,,,,,
68e342df2c48416419f4ae2d,4,1,1,1,1,,,,
68e3443a2c48416419f4ae32,0,,,,,,,,
68e344652c48416419f4ae33,0,1,1,1,1,,,,
68e3458a2c48416419f4ae37,15,1,1,1,1,,,,
68e345e02c48416419f4ae38,3,,,,,,,,
68e349af2c48416419f4ae43,5,2,1,1,2,1,1,1,
68e34e292c48416419f4ae4e,14,1,1,1,1,,,,
68e34e6b2c48416419f4ae4f,4,2,2,2,2,,,,
68e352012c48416419f4ae5c,5,4,4,3,3,,1,,
68e3529f2c48416419f4ae5f,7,1,1,1,1,,,,
68e3537c2c48416419f4ae61,21,4,4,4,3,1,1,1,2
68e353d72c48416419f4ae66,2,5,3,4,5,1,2,2,1
68e354842c48416419f4ae67,9,2,1,,1,1,2,1,
68e3569d2c48416419f4ae6d,5,26,18,16,25,18,22,19,8
68e357d72c48416419f4ae72,3,4,2,2,2,1,2,2,
68e359e92c48416419f4ae7a,1,7,3,4,3,2,4,4,
68e35c0e2c48416419f4ae7f,9,1,1,1,1,,,,
68e35cd42c48416419f4ae82,0,27,23,12,26,17,20,19,2
68e35df22c48416419f4ae84,1,6,6,3,4,1,3,1,1
68e3637f2c48416419f4ae8f,13,4,4,4,4,1,,,
68e366252c48416419f4ae9b,3,3,2,3,2,,,1,
68e366992c48416419f4ae9e,4,9,9,8,9,1,2,1,1
68e366ff2c48416419f4aea1,3,18,18,16,18,5,5,5,
68e367242c48416419f4aea3,8,21,18,18,21,14,14,14,8
68e367312c48416419f4aea4,5,5,5,5,5,2,2,2,
68e36a992c48416419f4aeb6,3,5,5,4,4,,1,,
68e36aab2c48416419f4aeb7,17,10,9,9,8,3,4,4,2
68e36b292c48416419f4aeb9,0,11,9,8,11,5,5,5,
68e36b692c48416419f4aeba,3,8,6,6,6,1,2,2,
68e36bc52c48416419f4aebb,5,11,10,8,9,4,6,4,
68e36c212c48416419f4aebd,2,1,1,1,1,,,,
68e36c7b2c48416419f4aebf,7,4,4,2,3,1,2,1,
68e36c872c48416419f4aec0,7,3,3,3,3,,1,1,
68e36d822c48416419f4aec3,10,2,2,2,2,,,,
68e36da32c48416419f4aec4,11,2,2,2,2,,,,
68e36e1b2c48416419f4aec6,10,8,3,4,6,2,3,3,1
68e36e472c48416419f4aec7,3,8,8,8,8,3,3,3,2
68e36ea82c48416419f4aec8,11,15,14,12,14,2,3,2,
68e36f4a2c48416419f4aecd,2,2,2,2,2,,,,
68e36faf2c48416419f4aed2,45,1,1,1,1,,,,
68e36ff22c48416419f4aed4,18,4,3,2,4,2,3,2,1
68e36ffd2c48416419f4aed6,7,4,4,4,4,,,,
68e371162c48416419f4aeda,10,4,4,4,4,1,1,1,
68e371452c48416419f4aedc,3,1,1,1,1,,,,
68e371862c48416419f4aede,2,6,4,3,3,2,4,3,
68e371ed2c48416419f4aee1,2,3,2,1,2,1,2,1,
68e372072c48416419f4aee2,6,,,,,,,,
68e372fe2c48416419f4aee4,21,2,2,2,2,,,,
68e3734f2c48416419f4aeea,1,5,5,5,5,,,,
68e3776c2c48416419f4af00,8,6,6,6,6,,,,
68e377d12c48416419f4af03,8,4,3,3,2,,1,1,
68e3785f2c48416419f4af05,2,1,1,1,1,,,,
68e3792e2c48416419f4af0d,4,1,1,1,1,,,,
68e379ab2c48416419f4af10,10,8,4,7,4,1,2,4,
68e37b862c48416419f4af1a,8,3,3,3,3,1,1,1,
68e37c622c48416419f4af1f,8,3,2,2,1,,1,1,
68e37cd92c48416419f4af23,12,3,2,2,1,,1,1,
68e37d882c48416419f4af27,9,5,5,5,5,1,1,1,1
68e37da82c48416419f4af28,5,1,1,1,1,,,,
68e37db52c48416419f4af29,1,6,6,3,3,,3,,
68e37dd12c48416419f4af2c,2,,,,,,,,
68e37e532c48416419f4af2d,22,9,8,8,7,3,4,4,2
68e37ea92c48416419f4af34,1,1,1,1,1,,,,
68e37ef92c48416419f4af38,5,,,,,,,,
68e37fab2c48416419f4af40,11,9,9,9,9,,,,
68e380562c48416419f4af43,11,2,2,2,2,,,,
68e381b32c48416419f4af56,34,1,1,1,1,,,,
68e382ab2c48416419f4af5b,5,12,12,10,10,6,8,6,7
68e382b32c48416419f4af5c,7,2,2,2,2,,,,
68e383262c48416419f4af60,4,4,4,4,4,1,1,1,
68e383312c48416419f4af62,11,7,4,5,4,1,2,3,
68e383542c48416419f4af64,4,6,4,3,3,1,3,2,
68e383c32c48416419f4af66,25,1,1,1,1,,,,
68e385202c48416419f4af73,4,4,3,3,2,,1,1,
68e3852d2c48416419f4af74,9,2,2,2,2,,,,
68e3856e2c48416419f4af77,6,7,6,6,7,3,3,3,2
68e385852c48416419f4af79,8,19,15,13,16,7,8,9,
68e386662c48416419f4af7c,10,7,7,7,7,,,,
68e386882c48416419f4af7f,1,1,1,1,1,,,,
68e386f12c48416419f4af87,0,2,2,2,2,,,,
68e3873b2c48416419f4af89,1,10,6,6,5,2,5,5,1
68e3878a2c48416419f4af8b,28,6,6,6,6,3,3,3,2
68e387952c48416419f4af8e,4,2,2,2,2,,,,
68e387cd2c48416419f4af90,6,2,2,2,2,,,,
68e387f52c48416419f4af92,3,5,4,4,3,,1,1,
68e387ff2c48416419f4af93,4,1,1,1,1,,,,
68e388a82c48416419f4afa1,12,1,1,1,1,,,,
68e388fa2c48416419f4afa5,14,3,2,2,3,1,1,1,
68e389092c48416419f4afa7,0,,,,,,,,
68e389112c48416419f4afa9,4,1,1,1,1,,,,
68e3892e2c48416419f4afaa,2,8,5,4,3,2,5,4,1
68e3896a2c48416419f4afad,11,6,5,5,4,,1,1,
68e389d82c48416419f4afb1,3,13,12,12,11,3,4,4,
68e38a8e2c48416419f4afbb,19,3,2,2,1,,1,1,
68e38a9e2c48416419f4afbc,20,11,11,11,11,2,2,2,
68e38ab62c48416419f4afbf,31,8,8,8,8,,,,
68e38aba2c48416419f4afc0,6,9,7,6,7,5,7,6,4
68e38ad62c48416419f4afc3,4,1,1,1,1,,,,
68e38af92c48416419f4afc5,19,5,5,5,6,3,3,3,4
68e38b022c48416419f4afc7,11,2,2,1,1,,1,,
68e38b802c48416419f4afcb,5,24,17,17,18,9,13,13,2
68e38b912c48416419f4afcc,6,1,1,1,1,,,,
68e38bb12c48416419f4afce,5,2,2,2,2,1,1,1,
68e38c312c48416419f4afd2,6,7,7,5,6,3,4,3,2
68e38c452c48416419f4afd3,16,5,5,5,5,3,3,3,
68e38c642c48416419f4afd5,6,7,6,5,6,5,6,5,2
68e38dd32c48416419f4afe0,4,1,1,1,1,,,,
68e38def2c48416419f4afe2,2,8,6,4,7,3,5,3,1
68e38e042c48416419f4afe5,41,4,4,3,4,1,1,1,
68e38e412c48416419f4afe6,3,2,1,1,,,1,1,
68e38e662c48416419f4afea,2,7,7,7,7,,,,
68e38eb02c48416419f4afec,12,4,4,4,4,1,1,1,1
68e38ef02c48416419f4aff1,8,5,4,3,4,2,3,2,
68e38f622c48416419f4aff7,2,1,1,1,1,,,,
68e38f842c48416419f4affc,0,2,2,2,2,,,,
68e38fd82c48416419f4afff,0,1,1,1,1,,,,
68e38ffa2c48416419f4b000,6,7,7,7,7,3,3,3,
68e3908e2c48416419f4b004,4,2,2,2,2,,,,
68e3909e2c48416419f4b007,0,,,,,,,,
68e390df2c48416419f4b009,1,11,7,7,8,4,6,6,1
68e3920e2c48416419f4b015,11,4,4,4,4,,,,
68e392482c48416419f4b018,4,4,2,2,3,1,2,2,
68e3929f2c48416419f4b01e,7,5,5,3,4,1,2,1,
68e392c62c48416419f4b020,12,19,15,18,14,6,8,7,3
68e393c62c48416419f4b030,13,8,8,5,6,1,3,1,
68e3942e2c48416419f4b037,7,2,2,2,2,,,,
68e394492c48416419f4b039,1,6,4,3,4,1,3,2,
68e3947b2c48416419f4b03c,4,1,1,1,1,,,,
68e3948e2c48416419f4b03f,19,5,4,4,3,,1,1,
68e394d82c48416419f4b041,1,8,4,5,8,3,4,5,3
68e394eb2c48416419f4b042,4,10,6,7,7,3,5,4,
68e394fa2c48416419f4b043,11,1,1,1,1,,,,
68e395232c48416419f4b045,2,2,2,2,2,,,,
68e395d02c48416419f4b04b,3,,,,,,,,
68e396f52c48416419f4b04e,4,11,10,6,7,4,7,5,3
68e397bf2c48416419f4b056,5,,,,,,,,
68e397d82c48416419f4b057,10,1,1,1,1,,,,
68e399472c48416419f4b061,5,6,4,4,4,1,2,2,
68e399d72c48416419f4b069,11,13,8,11,7,1,3,5,
68e39a562c48416419f4b06d,10,1,1,1,1,,,,
68e39a762c48416419f4b06e,2,6,6,6,6,4,4,4,2
68e39aa12c48416419f4b071,5,5,3,4,2,,1,2,
68e39ac82c48416419f4b074,6,1,1,1,1,,,,
68e39b922c48416419f4b079,1,2,2,2,2,,,,
68e39ba72c48416419f4b07a,2,2,2,2,2,,,,
68e39bb62c48416419f4b07b,5,3,2,2,1,,1,1,
68e39c742c48416419f4b080,1,2,2,2,2,,,,
68e39cab2c48416419f4b083,5,15,13,11,11,3,6,4,
68e39d2a2c48416419f4b086,4,10,9,9,10,2,2,2,6
68e39d7a2c48416419f4b089,1,5,3,4,5,2,2,2,3
68e39e9f2c48416419f4b08f,4,4,4,4,4,2,2,2,
68e39eaa2c48416419f4b091,12,7,7,7,7,2,2,2,
68e39eb92c48416419f4b092,0,,,,,,,,
68e39f0a2c48416419f4b095,3,1,1,1,1,,,,
68e3a0f62c48416419f4b0a1,0,1,1,1,1,,,,
68e3a14c2c48416419f4b0a3,5,1,1,1,1,,,,
68e3a52e2c48416419f4b0a7,5,4,4,2,5,3,3,3,
68e3a70e2c48416419f4b0aa,8,14,13,14,14,3,3,4,3
68e467498ccc0a418eb5ea97,0,,,,,,,,
